keyword,title,link,summary,date
LG 에너지솔루션,"현대차, 인도네시아서 '현지 배터리' 탑재 코나 일렉트릭 생산",https://www.yna.co.kr/view/AKR20240701064300003?input=1195m, 현대차는 현대차그룹과 LG에너지솔루션의 인도네시아 배터리셀 합작공장인 HLI그린파워가 만든 배터리가 신형 코나 일렉트릭(EV)에 탑재돼 현지에서 생산된다고 1일 밝혔다. 현대차그룹과 LG에너지솔루션은 지난해 6월 인도네시아 카라왕 지역의 신산업 단지(KNIC) 내 HLI그린파워를 완공한 바 있다. 이번... ,2024-07-01
LG 에너지솔루션,"LG엔솔, 15년간 호주 리튬 공급받는다…""전기차 500만대분""",https://www.yna.co.kr/view/AKR20240702108200003?input=1195m," LG에너지솔루션이 호주 리튬 광산업체로부터 대규모 리튬을 확보해 핵심 원재료 공급망을 강화한다. LG에너지솔루션은 호주 리튬 광산업체 라이온타운과 대규모 리튬 정광 공급 및 전환사채 투자 계약을 체결했다고 2일 밝혔다. 리튬 정광은 리튬 광석을 가공해 농축한 고순도 광물로, 고용량 전기차... ",2024-07-02
LG 에너지솔루션,"LG에너지솔루션, '전기차용 LFP배터리' 대규모 수주 성공",http://www.thefirstmedia.net/news/articleView.html?idxno=148990," 사진=LG에너지솔루션 LG에너지솔루션이 전기차용 LFP(리튬인산철) 배터리 첫 대규모 수주에 성공했다. 1일(현지시간) LG에너지솔루션은 르노(Renault)의 전기차 부문 '암페어(Ampere)'와 프랑스 파리에 위치한 르노 본사에서 LG에너지솔루션 자동차전지 사업부장 서원준 부사장, 자동차개발센터장 최승돈... ",2024-07-02
LG 에너지솔루션,"LG엔솔, 호주 리튬 광산 투자… 15년간 전기차 500대분 확보",https://biz.chosun.com/industry/company/2024/07/02/CL2KXTVVNRCNDKMKFDLEPCQBGA/?utm_source=naver&utm_medium=original&utm_campaign=biz, LG에너지솔루션은 호주 리튬 광산 업체 라이온타운(Liontown Resources Ltd.)과 대규모 리튬 정광(精鑛) 공급 및 전환사채 투자 계약을 체결했다고 2일 밝혔다. 리튬 정광은 리튬 광석을 가공해 농축한 고순도 원자재로 고용량 전기차 배터리의 핵심 원료인 수산화리튬의 원료가 된다. LG에너지솔루션은 이번... ,2024-07-02
LG 에너지솔루션,"""중국 텃밭 뚫었다""...LG엔솔, 전기차용 LFP 배터리 첫 대규모 수주",https://daily.hankooki.com/news/articleView.html?idxno=1101059, LG에너지솔루션과 르노가 1일 프랑스 파리 르노 본사에서 전기차용 LFP 배터리 공급계약을 체결했다. 사진 = LG에너지솔루션 LG에너지솔루션이 처음으로 전기차용 리튬인산철(LFP) 배터리 대규모 수주에 성공했다. LG에너지솔루션은 1일 르노의 전기차 부문 '암페어'와 프랑스 파리 르노 본사에서 전기차용... ,2024-07-02
LG 에너지솔루션,"LG에너지솔루션, 中 텃밭 뚫었다…전기차용 배터리 첫 대규모 수주",https://www.mk.co.kr/article/11056344, LG에너지솔루션이 전기차용 리튬인산철(LFP) 배터리 첫 대규모 수주에 성공했다. 중국 기업들이 독점하던 제품군인 차량용 LFP 배터리 제조시장에 한국 기업이 진출해 공급 계약을 맺은 것은 처음이다. 1일(현지시간) LG에너지솔루션은 프랑스 파리에서 르노의 전기차부문 ‘암페어(Ampere)’와 전기차용... ,2024-07-02
LG 에너지솔루션,"LG에너지솔루션, 르노와 전기차 배터리 공급계약",https://www.moneys.co.kr/article/2024070208131027888, LG에너지솔루션이 전기차용 리튬인산철(LFP) 배터리 첫 대규모 수주에 성공했다. LG에너지솔루션은 1일(현지시각) 르노의 전기차 부문 '암페어'와 프랑스 파리에 위치한 르노 본사에서 전기차용 파우치 LFP 배터리 공급계약을 체결했다고 밝혔다. 체결식엔 서원준 LG에너지솔루션 자동차전지... ,2024-07-02
LG 에너지솔루션,"LG엔솔, 르노서 전기차 59만대분 LFP 배터리 수주",https://www.sedaily.com/NewsView/2DBL1K7CJF, LG에너지솔루션(373220)이 전기차용 LFP(리튬인산철) 배터리 첫 대규모 수주에 성공했다. 중국업체들이 장악한 차량용 LFP 배터리 시장에 글로벌 완성차와 공급 계약을 맺은 것은 국내 업체 가운데 LG에너지솔루션이 처음이다. LG에너지솔루션은 1일(현지시간) 르노의 전기차 부문 ‘암페어’와 프랑스 파리에... ,2024-07-02
LG 에너지솔루션,"LG엔솔, 전기차용 LFP 첫 대규모 수주",http://www.wowtv.co.kr/NewsCenter/News/Read?articleId=A202407020062&t=NN, LG에너지솔루션이 전기차용 LFP(리튬인산철) 배터리 첫 대규모 수주에 성공했다. 1일(현지시간) LG에너지솔루션은 르노(Renault)의 전기차 부문 ‘암페어(Ampere)’와 프랑스 파리에 위치한 르노 본사에서 전기차용 파우치 LFP 배터리 공급계약을 체결했다고 밝혔다. 공급기간은 2025년 말부터 2030년까지 총... ,2024-07-02
LG 에너지솔루션,"LG에너지솔루션, 호주 리튬 광산 대규모 투자",https://vop.co.kr/A00001656894.html, LG에너지솔루션은 2일 호주 리튬 광산 업체 라이온타운과 대규모 리튬 정광 공급 및 전환사채 투자 계약을 체결했다고 밝혔다.리튬 정광은 리튬 광석을 가공해 농축한 고순도 원자재로 고용량 전기차 배터리의 핵심 원료인 수산화리튬의 원료가 된다.LG에너지솔루션은 이번 계약으로 이르면 올해 말부터... ,2024-07-02
LG 에너지솔루션,"""LG엔솔 中 제쳤다"" LFP 첫 대규모 수주",https://it.chosun.com/news/articleView.html?idxno=2023092118734, LG에너지솔루션이 전기차용 LFP(리튬인산철) 배터리 첫 대규모 수주에 성공했다. 한국 기업 가운데 차랑용 LFP 배터리 공급 계약을 맺은 곳은 LG에너지솔루션이 처음이다. 공급기간은 2025년 말부터 2030년까지 총 5년이다. LG에너지솔루션은 르노의 전기차 부문 '암페어'와 프랑스 파리 르노 본사에서 전기차용... ,2024-07-02
LG 에너지솔루션,[오늘의 주요공시] LG에너지솔루션·삼성바이오로직스 등,https://www.etoday.co.kr/news/view/2376027," 이투데이=박상인 기자 | △LG에너지솔루션, 르노그룹과 39HWh 규모 전기차 배터리 공급계약 △삼성바이오로직스, 미국 소재 제약사와 1조4637억 원 규모 위탁생산 계약 △휴림네트웍스, 400억 원 규모 전환사채 발행 △제이스텍, 470억 규모 이차전지 제조용 설비 공급계약 체결 ",2024-07-02
LG 에너지솔루션,"LG엔솔, 호주 리튬 광산 투자…전기차 500만대분 확보",http://news.mt.co.kr/mtview.php?no=2024070213310478624, LG에너지솔루션은 호주 리튬 광산 기업 라이온타운(Liontown Resources Ltd.)과 대규모 리튬 정광 공급 및 전환사채 투자 계약을 체결했다고 2일 밝혔다. 리튬 정광은 리튬 광석을 가공해 농축한 고순도 원자재다. 고용량 전기차 배터리의 핵심 원료인 수산화리튬의 원료가 된다. LG에너지솔루션은 계약을... ,2024-07-02
LG 에너지솔루션,"LG에너지솔루션, 호주 리튬 정광 175만톤 계약…전기차 500만대 분량",https://news.mtn.co.kr/news-detail/2024070213363161933, LG에너지솔루션이 호주 리튬 광산 업체에 대한 대규모 투자로 핵심 원재료 글로벌 공급망 펀더멘탈(기초체력)을 더욱 강화한다.LG에너지솔루션은 호주 리튬 광산 업체 라이온타운과 대규모 리튬 정광 공급 및 전환사채 투자 계약을 체결했다고 2일 밝혔다. 리튬 정광은 리튬 광석을 가공해 농축한 고순도... ,2024-07-02
LG 에너지솔루션,"LG에너지솔루션, 전기차 LFP 첫 수주",https://www.electimes.com/news/articleView.html?idxno=339631," LG에너지솔루션이 전기차용 LFP(리튬인산철) 배터리 첫 대규모 수주에 성공했다. LG에너지솔루션은 1일(현지시간)르노(Renault)의 전기차 부문 '암페어(Ampere)'와 프랑스 파리에 위치한 르노 본사에서 서원준 LG에너지솔루션 자동차전지 사업부장 부사장, 최승돈 자동차개발센터장 부사장, 프랑스아 프로보... ",2024-07-02
LG 에너지솔루션,"LG엔솔, 호주 리튬 광산에 투자… 전기차 500만대분 확보",http://www.wowtv.co.kr/NewsCenter/News/Read?articleId=A202407020209&t=NN, LG에너지솔루션이 호주 리튬 광산 업체 라이온타운(Liontown Resources Ltd.)과 대규모 리튬 정광 공급 및 전환사채 투자 계약을 체결했다고 2일 밝혔다. 리튬 정광은 리튬 광석을 가공해 농축한 고순도 원자재로 고용량 전기차 배터리의 핵심 원료인 수산화리튬의 원료다. LG에너지솔루션은 본 계약으로... ,2024-07-02
LG 에너지솔루션,"LG엔솔, LFP 배터리 첫 대규모 수주",https://dealsite.co.kr/articles/124766, 국내 배터리 업체 중 차량용 LFP 공급 계약 최초 LG에너지솔루션(LG엔솔)이 전기차용 리튬인산철(LFP) 배터리 대규모 수주에 성공했다. 이번 계약은 LG엔솔이 글로벌 자동차 3대 시장 중 하나인 유럽에서 중국 기업의 주력 제품군을 뚫었다는 데 의미가 깊다. 이에 LG엔솔의 시장 경쟁력도 한층 강화될... ,2024-07-02
LG 에너지솔루션,"LG엔솔, 호주 리튬 정광 175만톤 확보…원재료 공급망 강화",http://news.tf.co.kr/read/economy/2112075.htm," 김동명 사장 ""시장 불확실성 대응해 원재료 안정적 공급"" LG에너지솔루션이 호주 리튬 광산 업체를 통해 리튬 정광 175만톤(t)을 확보한다. LG에너지솔루션은 호주 리튬 광산 업체 라이온타운과 대규모 리튬 정광 공급 및 전환사채 투자 계약을 체결했다고 2일 밝혔다. 리튬 정광은 리튬 광석을 가공해 농축한... ",2024-07-02
LG 에너지솔루션,"LG엔솔, 전기차 LFP 첫 수주...“중국 텃밭 뚫었다”",https://www.wowtv.co.kr/NewsCenter/News/Read?articleId=A202407020093&t=NNv, LG에너지솔루션이 국내 배터리 기업 최초로 전기차용 LFP 배터리 수주에 성공했습니다. 그동안 중국 기업들이 장악하고 있던 전기차용 LFP 시장을 뚫은 만큼 시장 경쟁력을 강화하는 계기가 될 전망입니다. 배창학 기자입니다. <기자> LG에너지솔루션이 유럽 완성차 업체 르노로부터 전기차용 LFP 배터리... ,2024-07-02
LG 에너지솔루션,"LG에너지솔루션, '전기차용 LFP배터리' 첫 대규모 수주",http://www.m-i.kr/news/articleView.html?idxno=1135978, LG에너지솔루션 폴란드 브로츠와프 공장. 제공=LG에너지솔루션 매일일보 = 이미현 기자 | LG에너지솔루션이 전기차용 LFP(리튬인산철) 배터리 첫 대규모 수주에 성공했다. LG에너지솔루션은 1일(현지시간) 르노의 전기차 부문 '암페어(Ampere)'와 프랑스 파리에 위치한 르노 본사에서 LG에너지솔루션... ,2024-07-02
LG 에너지솔루션,"LG엔솔, 호주 리튬 광산 대규모 투자…""고품질 원료 확보""",https://weekly.hankooki.com/news/articleView.html?idxno=7091023, LG에너지솔루션이 호주 기업에 대규모 투자를 통해 핵심 원재료 글로벌 공급망의 펀더멘탈(기초체력)을 더 강화한다. LG에너지솔루션은 2일 호주 리튬 광산 기업 라이온타운과 대규모 리튬 정광 공급 및 전환사채 투자 계약을 체결했다고 밝혔다. 리튬 정광은 리튬 광석을 가공해 농축한 고순도 원자재로... ,2024-07-02
LG 에너지솔루션,"LG엔솔, 르노에 LFP 배터리 공급… 전기차 59만대 규모",https://biz.newdaily.co.kr/site/data/html/2024/07/02/2024070200013.html, 뉴데일리 김병욱 기자 = LG에너지솔루션이 전기차용 LFP(리튬인산철) 배터리 첫 대규모 수주에 성공했다. 1일(현지시간) LG에너지솔루션은 르노(Renault)의 전기차 부문 ‘암페어(Ampere)’와 프랑스 파리에 위치한 르노 본사에서 전기차용 파우치 LFP 배터리 공급계약을 체결했다고 밝혔다. 체결식에는 서원준... ,2024-07-02
LG 에너지솔루션,"LG에너지솔루션, 르노에 '전기차용 LFP배터리' 대규모 수주",http://www.metroseoul.co.kr/article/20240702500083," 지난 1일 프랑스 파리 르노 본사에서 LG에너지솔루션과 르노가 전기차용 LFP 배터리 공급계약을 체결했다. (왼쪽부터) 르노 CTO 질 르 보르네(Gille Le Borgne) 부사장, LG에너지솔루션 자동차개발센터장 최승돈 부사장, 르노 CPO 프랑스아 프로보(Francois Provost) 부사장, LG에너지솔루션 자동차전지 사업부장... ",2024-07-02
LG 에너지솔루션,"LG에너지솔루션, 호주 리튬 광산에 대규모 투자...공급망 강화",https://www.newsway.co.kr/news/view?ud=2024070213220703943, LG에너지솔루션이 호주 리튬 광산 업체에 대규모 투자를 통해 핵심 원재료 글로벌 공급망의 펀더멘탈(기초체력)을 더욱 강화한다. LG에너지솔루션은 호주 리튬 광산 업체 라이온타운(Liontown Resources Ltd.)과 대규모 리튬 정광(精鑛) 공급 및 전환사채 투자 계약을 체결했다고 2일 밝혔다. 리튬 정광은 리튬... ,2024-07-02
LG 에너지솔루션,"[특징주] LG에너지솔루션, 르노와 대규모 LFP 공급계약 체결에 상승",https://www.moneys.co.kr/article/2024070213213622880, LG에너지솔루션이 전기차용 리튬인산철(LFP) 배터리 첫 대규모 수주에 성공한 가운데 주가가 상승세다. 국내 배터리 업체 중 차량용 LFP 배터리 공급 계약을 맺은 곳은 LG에너지솔루션이 처음이다. 2일 오후 2시17분 기준 LG에너지솔루션 주가는 전 거래일 대비 1000원(0.43%) 오른 34만8500원에 거래된다.... ,2024-07-02
LG 에너지솔루션,LG에너지솔루션 '전기차용 LFP 배터리' 첫 대규모 수주,https://www.yna.co.kr/view/PYH20240702016100003?input=1196m," LG에너지솔루션은 1일(현지시간) 프랑스 파리에 위치한 르노 본사에서 르노의 전기차 부문 '암페어'와 전기차용 파우치 LFP 배터리 공급계약을 체결했다고 2일 밝혔다. 사진은 왼쪽부터 질 르 보르네 르노 CTO(부사장), 최승돈 LG에너지솔루션 자동차개발센터장(부사장), 프랑스아 프로보 르노 CPO... ",2024-07-02
LG 에너지솔루션,"“중국 텃밭 뚫었다”…LG엔솔, 르노 전기차용 LFP 대규모 수주",https://www.busan.com/view/busan/view.php?code=2024070209330147817, LG에너지솔루션이 전기차용 LFP(리튬인산철) 배터리 첫 대규모 수주에 성공했다고 2일 밝혔다. LG에너지솔루션은 르노(Renault)의 전기차 부문 ‘암페어(Ampere)’와 1일(현지시간) 프랑스 파리 르노 본사에서 전기차용 파우치 LFP 배터리 공급계약을 체결했다고 밝혔다. 공급기간은 2025년 말부터 2030년까지 총... ,2024-07-02
LG 에너지솔루션,"""전기차 500만대 분 리튬 공급 계약 체결""",http://www.fnnews.com/news/202407021451151308, LG에너지솔루션은 호주 리튬 광산 업체 라이온타운사와 대규모 리튬 정광 공급 및 전환사채 투자 계약을 체결했다고 2일 밝혔다. 리튬 정광은 리튬 광석을 가공해 농축한 고순도 원자재로 고용량 전기차 배터리의 핵심 원료인 수산화리튬의 원료가 된다. LG에너지솔루션은 지난 2022년 5월 라이온타운과 리튬... ,2024-07-02
LG 에너지솔루션,"中 텃밭 뚫은 LG엔솔, 전기차용 LFP 첫 대규모 수주",https://www.kgnews.co.kr/news/article.html?no=799759, 5년간 39GWh 공급…전기차 59만 대분 LG에너지솔루션이 전기차용 LFP(리튬·인산·철) 배터리 첫 대규모 수주에 성공했다. 1일(현지시간) LG에너지솔루션은 르노(Renault)의 전기차 부문 ‘암페어(Ampere)’와 프랑스 파리에 위치한 르노 본사에서 전기차용 파우치 LFP 배터리 공급계약을 체결했다고 밝혔다.... ,2024-07-02
LG 에너지솔루션,LG에너지솔루션 국내 첫 '전기차용 LFP배터리' 대규모 수주,http://www.seoulwire.com/news/articleView.html?idxno=614208," LG에너지솔루션이 전기차용 LFP(리튬인산철) 배터리 첫 대규모 수주에 성공했다고 2일 밝혔다. 지난 1일(현지시간) LG에너지솔루션은 르노(Renault)의 전기차 부문 '암페어(Ampere)'와 프랑스 파리에 위치한 르노 본사에서 서원준 LG에너지솔루션 자동차전지 사업부장 부사장, 최승돈 자동차개발센터장 부사장... ",2024-07-02
LG 에너지솔루션,"'캐즘' 빠진 이차전지, 수출 바닥 찍었나…두 달 연속 증가",https://news.sbs.co.kr/news/endPage.do?news_id=N1007707710&plink=ORI&cooper=NAVER, ▲ LG에너지솔루션 오창 에너지플랜트의 배터리 생산 라인 전기차 시장의 '캐즘'(Chasm·일시적 수요 정체) 여파로 부진했던 한국의 이차전지 수출이 최근 두 달 연속으로 증가해 이차전지 수출이 저점을 지나 회복 추세에 접어들었을 가능성이 제기됩니다. 산업통상자원부에 따르면 올해 상반기 한국의... ,2024-07-03
LG 에너지솔루션,"현대차그룹, 인도네시아서 배터리셀-전기차 생산체제 구축",https://www.busan.com/view/busan/view.php?code=2024070309233311304, 현대차그룹은 LG에너지솔루션과 합작한 배터리셀 공장 ‘HLI그린파워’를 준공했다. 현대차 인도네시아공장은 HLI그린파워에서 생산한 배터리셀을 장착해 ‘디 올 뉴 코나 일렉트릭’ 양산을 시작한다. 이에 따라 현대차그룹은 인도네시아 최초로 전기차 배터리셀부터 완성차까지 현지에서 일괄 생산 시스템을... ,2024-07-03
LG 에너지솔루션,"“놀라운 반전, 역시 형이야”…예상 뛰어넘은 실적에 주가 모터 달았다",https://www.mk.co.kr/article/11058070," 배터리 대장주 LG에너지솔루션은 전날 대비 4.22%오른 35만8000원에 거래를 마쳤고, 시총 30조원의 POSCO홀딩스도 1.37% 오르면서 37만500원에 마감했다. 양극재 대장주인 에코프로비엠과 에코프로는 각각 4.66%와 7.67%의 상승률을 기록했다. 특히 엘앤에프는 주가가 9.22% 오르면서 올해 들어 가장 큰 폭으로... ",2024-07-03
LG 에너지솔루션,"현대차그룹, 인도네시아에 '배터리셀-전기차 생산체제' 구축",http://news.tf.co.kr/read/economy/2112508.htm," 한국 정부에서는 정인교 통상교섭본부장, 이상덕 주인도네시아 대사 등이 참석했으며 현대차그룹과 LG그룹에서는 정의선 현대차그룹 회장, 장재훈 현대차 사장, 김동명 LG에너지솔루션 사장 등이 자리를 빛냈다. 특히 조코 위도도 대통령은 행사장에서 HLI그린파워에서 생산된 배터리셀을 배터리 모듈과... ",2024-07-03
LG 에너지솔루션,"현대차그룹, 인도네시아서 배터리셀-전기차 생산체제 구축",https://weekly.hankooki.com/news/articleView.html?idxno=7091105, 현대차그룹은 LG에너지솔루션과 합작한 배터리셀 공장 'HLI그린파워'를 준공했다고 3일 밝혔다. 현대차 인도네시아공장은 HLI그린파워에서 생산한 배터리셀을 장착해 '디 올 뉴 코나 일렉트릭' 양산을 시작한다. 이에 현대차그룹은 인도네시아 최초로 전기차 배터리셀부터 완성차까지 현지에서 일괄 생산... ,2024-07-03
LG 에너지솔루션,"국내 배터리 3사, 1~5월 배터리 사용량 늘었다",http://www.fnnews.com/news/202407030941035965, LG에너지솔루션은 전년 동기 대비 5.6% (35.9GWh) 성장하며 전체 3위를 기록했다. 삼성SDI는 26.8%(13.7GWh)의 성장률을 기록하며 4위에 올랐다. SK온도 4.2%(13.9GWh) 늘었다. 다만 시장 자체가 커지면서 국내 3사의 점유율은 전년 동기 대비 2.8%p 하락한 22.3%를 기록했다. 글로벌 전기차 배터리 사용량이 1년 전... ,2024-07-03
LG 에너지솔루션,"비상경영 K배터리 ""삼원계 대신 LFP""",https://it.chosun.com/news/articleView.html?idxno=2023092118805," LG에너지솔루션도 투자 자금 조달을 위해 최근 외화채 20억달러를 발행했고, 미 애리조나주 ESS 공장 건설도 일시 중단한 상태다. 배터리 업계가 이렇듯 비상 경영을 펼치는 중에도 LFP 등 폭넓은 제품군을 갖추는 데는 소홀하지 않고 있다. 완성차 업체들이 전기차가 내연기관보다 비싸다는 한계를... ",2024-07-03
LG 에너지솔루션,테슬라 10%대 급등에…2차전지주 ‘빨간불’[특징주],http://www.edaily.co.kr/news/newspath.asp?newsid=01705606638950912," 마켓포인트에 따르면 이날 오전 9시 3분 현재 LG에너지솔루션(373220)은 전 거래일 대비 4.66% 오른 35만 9500원에 거래되고 있다. 이외 SK이노베이션(096770)(2.59%), 삼성SDI(006400)(2.13%), POSCO홀딩스(005490)(1.50%), LG화학(051910)(2.97%), 포스코퓨처엠(003670)(3.05%), 에코프로비엠(247540)(3.01%) 등 2차전지주가... ",2024-07-03
LG 에너지솔루션,"""새로운 길 개척"" 현대차그룹, 인니서 배터리-전기차 잇는 생태계 조성",http://www.edaily.co.kr/news/newspath.asp?newsid=02522326638950912, 현대차그룹은 LG에너지솔루션과 합작해 인도네시아 현지에 세운 배터리셀 공장 ‘HLI그린파워’에서 생산한 고성능 NCMA(니켈·코발트·망간·알루미늄) 리튬이온 배터리셀을 현대차 인도네시아 공장에 공급할 예정이다. 현대차 인도네시아 공장에서는 이를 장착한 전기차 ‘디 올 뉴 코나 일렉트릭’ 양산을... ,2024-07-03
LG 에너지솔루션,"현대차그룹, 인니에 배터리셀-전기차 생산체제 구축",https://www.naeil.com/news/read/515472?ref=naver, 현대차그룹은 LG에너지솔루션과 합작한 배터리셀 공장 ‘HLI 그린파워’를 준공했다. 현대차 인도네시아공장은 HLI 그린파워에서 생산한 배터리셀을 장착해 ‘디 올 뉴 코나 일렉트릭’을 17일부터 양산한다. 현대차 인도네시아 공장(HMMI)에서 시범 생산중인 더 뉴 코나 일렉트릭의 차체 하부에 배터리를... ,2024-07-03
LG 에너지솔루션,韓 배터리 3사 점유율 20%도 못 지킬 위기,https://it.chosun.com/news/articleView.html?idxno=2023092118831, 국내 배터리 3사(LG에너지솔루션·삼성SDI·SK온)가 전기차 배터리 사용량 시장 점유율 20%대를 지키지 못할 위기다. 중국에서 전기차 시장 성장이 견조한 가운데 미국·유럽 등에서 시장 둔화가 지속되고 있어서다. 3일 에너지 전문 시장조사업체 SNE리서치에 따르면 국내 배터리 3사의... ,2024-07-03
LG 에너지솔루션,"한경협, 韓-호주 경협위와 공급망 분과위원회 개최",http://www.edaily.co.kr/news/newspath.asp?newsid=01863046638950912," 한국 측에선 김창범 한경협 상근부회장과 함께 LG에너지솔루션(373220), LX인터내셔널(001120), 한국광해광업공단, 한국지질자원연구원 등 주요 기업이 참석해 한-호주 공급망 협력 방안과 현지 사업 전략에 관한 의견을 나눴다. 김창범 상근부회장은 “핵심광물과 에너지 자원이 주축이 된 양국의 교역은... ",2024-07-03
LG 에너지솔루션,"'캐즘' 빠진 이차전지, 수출 바닥 찍었나…두달 연속 증가",https://www.yna.co.kr/view/AKR20240702142200003?input=1195m, 업계에 따르면 LG에너지솔루션은 오는 8월부터 오창 에너지플랜트에서 차세대 제품인 원통형 4680(지름 46mm·길이 80mm) 배터리를 양산한다. 4680 배터리는 테슬라 등에 공급될 것으로 알려졌다. 아울러 이차전지 완제품 가격과 연동되는 리튬 등 핵심광물 가격은 여전히 작년 고점 대비 낮게 유지되고 있지만... ,2024-07-03
LG 에너지솔루션,정의선 “인니와 EV 미래 동행…수소·AAM 등 새 영역 개척”,https://www.dt.co.kr/contents.html?article_no=2024070302109932091006&ref=naver," 한국 측에서는 정 회장를 비롯해 장재훈 현대차 사장, 김동명 LG에너지솔루션 사장을 비롯한 관계자와 정인교 통상교섭본부장, 이상덕 주인도네시아 대사 등 한국 정부 인사가 자리에 함께 했다. HLI그린파워는 현대차그룹이 LG에너지솔루션과 합작한 배터리셀 공장이다. 이곳에서 생산된 배터리셀은 현대차... ",2024-07-03
LG 에너지솔루션,"현대차그룹, 인도네시아 베터리셀 합작공장 준공",https://dealsite.co.kr/articles/124848, 현대차그룹은 LG에너지솔루션과 합작한 배터리셀 공장 'HLI그린파워'(Hyundai LG Indonesia Green Power)를 준공했다고 3일 밝혔다. 현대차 인도네시아 공장은 HLI그린파워에서 생산한 배터리셀을 장착해 '디 올 뉴 코나 일렉트릭'(The all-new KONA Electric) 양산을 시작한다. 인도네시아 카라왕 신산업단지(KNIC)에서 열린... ,2024-07-03
LG 에너지솔루션,"현대차, 인니에 배터리-전기차 생산체제 완성… ""아세안 핵심 기반""",https://biz.newdaily.co.kr/site/data/html/2024/07/03/2024070300175.html, LG에너지솔루션과 합작한 배터리셀 공장 ‘HLI그린파워(Hyundai LG Indonesia Green Power)’를 준공에 따른 것으로 이곳에서 생산한 배터리셀을 장착한 ‘디 올 뉴 코나 일렉트릭(The all-new KONA Electric)’ 양산을 시작한다. 아시아 최초로 전기차 배터리셀부터 완성차까지 현지에서 일괄 생산 시스템을 갖추게 된... ,2024-07-03
LG 에너지솔루션,"LG에너지솔루션, 실적 개선은 하반기 이후…목표가 6.5%↓-대신",http://www.edaily.co.kr/news/newspath.asp?newsid=01430086638950912, 신한투자증권은 3일 LG에너지솔루션(373220)에 대해 실적 개선은 하반기 이후로 가능할 것으로 전망하며 ‘매수’ 투자의견을 유지하고 목표가를 종전 46만원에서 43만원으로 하향 조정한다고 밝혔다. 전일 종가는 34만 3500원이다. 정용진 신한투자증권 연구원은 2분기 LG에너지솔루션의 매출을 전년 동기... ,2024-07-03
LG 에너지솔루션,"“LG에너지솔루션, 전기차 수요 약세에 실적 뒷걸음질”…목표가↓",https://www.mk.co.kr/article/11057273, 신한투자증권은 3일 LG에너지솔루션에 대해 올 2분기 실적이 시장기대치를 하회할 전망이라며 목표주가를 기존 46만원에서 43만원으로 하향 조정했다. 투자의견은 ‘매수’를 유지했다. 신한투자증권은 LG에너지솔루션의 2분기 영업이익을 전년동기대비 55% 감소한 2091억원으로 추정했다. 이는 시장... ,2024-07-03
LG 에너지솔루션,"현대차, ‘아세안 핵심’ 인도네시아서 배터리셀-전기차 첫 일관 생산",https://www.joongang.co.kr/article/25260963, 현대차그룹은 3일 LG에너지솔루션과 합작한 배터리셀 공장 HLI그린파워(Hyundai LG Indonesia Green Power) 준공식을 열었다고 밝혔다. HLI그린파워는 매년 전기차 15만대 이상에 탑재할 배터리를 생산할 수 있다. 현대차 인도네시아 공장은 HLI그린파워에서 생산한 배터리를 장착한 ‘디 올 뉴 코나 일렉트릭’ 양산을... ,2024-07-03
LG 에너지솔루션,"정의선 ""전기차·배터리 동시 생산...내재화로 캐즘 극복""",https://daily.hankooki.com/news/articleView.html?idxno=1101875, LG에너지솔루션과 배터리셀 공장을 합작 설립하고 직접 공급한다. 현대차그룹은 3일(현지시간) 인도네시아 카라왕 신산업단지(KNIC)에 위치한 HLI그린파워에서 인도네시아 전기차 생태계 완성 기념식을 개최했다고 밝혔다. 최근 LG에너지솔루션과 합작한 배터리셀 공장 HLI그린파워를 준공했다. 여기서 생산한... ,2024-07-03
LG 에너지솔루션,현지 니켈로 전기차 생산…현대·LG 손잡고 동남아 공략,https://news.tvchosun.com/site/data/html_dir/2024/07/03/2024070390200.html," 현대자동차와 LG에너지솔루션이 인도네시아에서 전기차 생산에 손을 맞잡았습니다. 현지에서 배터리 생산과 자동차 조립까지 일괄 체제를 갖춘 건 이번이 처음인데, 원료 수급에 대한 중국 의존도를 낮추고 동남아시아 시장 개척의 교두보까지 확보했다는 점에서 의미가 큽니다. 인도네시아 현지에서 장혁수... ",2024-07-03
LG 에너지솔루션,"전기차 배터리 시장, 캐즘에도 23%↑…K-배터리 점유율 22.3%",https://www.news1.kr/articles/5467565, 다만 국내 배터리 3사(LG에너지솔루션·삼성SDI·SK온)의 시장 점유율은 같은 기간 소폭 하락한 것으로 나타났다. 3일 시장조사기관 SNE리서치에 따르면 올해 1~5월 세계 각국에 등록된 순수전기차(EV)·플러그인하이브리드차(PHEV)·하이브리드차(HEV)에 탑재된 총 배터리 사용량은 약 285.... ,2024-07-03
LG 에너지솔루션,"현대차그룹, 인니서 '배터리셀-전기차' 생산체제 구축",https://www.nocutnews.co.kr/news/6171729?utm_source=naver&utm_medium=article&utm_campaign=20240703044242, 현대차그룹은 LG에너지솔루션과 합작한 배터리셀 공장 'HLI그린파워'(Hyundai LG Indonesia Green Power)를 준공했다고 3일 밝혔다. 현대차 인도네시아공장은 HLI그린파워에서 생산한 배터리셀을 장착해 '디 올 뉴 코나 일렉트릭'의 양산을 시작한다. 이에 따라 현대차그룹은 인도네시아 최초로 전기차 배터리셀부터... ,2024-07-03
LG 에너지솔루션,1∼5월 글로벌 배터리 사용량 23% 성장…'K-배터리' 점유율↓,https://www.yna.co.kr/view/AKR20240703049100003?input=1195m, 국내 배터리 3사(LG에너지솔루션·삼성SDI·SK온)의 점유율은 전년 동기 대비 2.8%포인트 하락한 22.3%를 기록했다. LG에너지솔루션은 전년 동기 대비 5.6% 성장한 35.9GWh(점유율 12.6%)로 글로벌 3위를 차지했다. 최근 LG에너지솔루션과 글로벌 완성차 업체 간 배터리 합작법인에서 생산된 배터리를 탑재한... ,2024-07-03
LG 에너지솔루션,"현대차·LG엔솔, 인니 배터리셀 공장 준공…정의선 ""새 영역 개척""",http://www.wowtv.co.kr/NewsCenter/News/Read?articleId=A202407030149&t=NN, 현대자동차그룹과 LG에너지솔루션이 전 세계 최대 니켈 생산국이자 매장국인 인도네시아에 배터리셀 합작공장 'HLI그린파워'를 준공했다. 합작공장에서 양산되는 배터리셀은 현대차 인도네시아 공장에서 생산되는 전기차 '디 올 뉴 코나 일렉트릭'(코나 일렉트릭)에 탑재될 예정이다. 현대차그룹은 3일... ,2024-07-03
LG 에너지솔루션,"현대차, 인니서 '배터리-전기차' 일괄 생산한다",https://zdnet.co.kr/view/?no=20240703102041, 현대차그룹은 LG에너지솔루션과 합작한 배터리셀 공장 ‘HLI그린파워’를 준공했다. 현대차 인도네시아공장은 HLI그린파워에서 생산한 배터리셀을 장착해 ‘디 올 뉴 코나 일렉트릭’ 양산을 시작한다. 전기차 배터리셀부터 완성차까지 현지에서 일괄 생산한다는 전략적 우위를 확보했다. 인도네시아는 세계... ,2024-07-03
LG 에너지솔루션,"정의선 ""인니 배터리셀 현지 생산, 큰 의미… 캐즘 극복할 것""",https://www.dailian.co.kr/news/view/1379323/?sc=Naver, 정의선 현대차그룹 회장이 인도네시아에서 LG에너지솔루션과 합작한 배터리셀 공장 준공식에서 '전기차 캐즘 극복'에 대한 기대감을 드러냈다. 아울러 정 회장은 현지에서 생산한 배터리셀을 현지 생산 전기차에 탑재하는 생태계를 인니를 넘어 다른 동남아 국가에도 전파할 수 있을 것으로 봤다. 정 회장은 3일... ,2024-07-03
LG 에너지솔루션,"김동명 LG엔솔 대표 ""막연한 미래 낙관 경계해야…혁신의 DNA 살리자""",https://www.ddaily.co.kr/page/view/2024070409182678660," 김동명 LG에너지솔루션 대표가 ""자만심을 버리고 겸손한 자세로 도전과 혁신의 DNA를 되살리자""고 당부했다. 김 대표는 4일 하반기를 맞이해 구성원에게 보낸 메시지에서 ""'질적 성장을 통한 기업가치 일등'이라는 목표 달성을 위해서는 미래를 대비할 근성과 체력을 길러야 할 뿐 아니라 자만심을 버리고... ",2024-07-04
LG 에너지솔루션,"LG엔솔 김동명 사장, 구성원들에 “혁신 DNA 되살리자” 전해",http://www.segyebiz.com/newsView/20240704512583?OutUrl=naver, LG에너지솔루션 CEO 김동명 사장이 4일 구성원들에게 ‘자만심을 버리고 겸손한 자세로 도전과 혁신의 DNA를 되살립시다’는 제목의 메시지를 전달했다. 김 사장은 메시지에서 “’질적 성장을 통한 기업가치 일등’이라는 목표 달성을 위해서는 미래를 대비할 근성과 체력을 길러야 할 뿐 아니라 자만심을... ,2024-07-04
LG 에너지솔루션,올초 수준 주가 회복한 테슬라···미국 기술주 강세에 코스피 연고점,https://www.khan.co.kr/economy/finance/article/202407041438001," 지난달 증권가의 매도 리포트가 나오며 폭락했던 에코프로머티가 3일 7.23% 급등했고, 지난주 52주 신저가를 기록했던 LG에너지솔루션(4.2%)과 삼성SDI(4.27%)도 크게 올랐다. 4일에도 삼성SDI는 전장보다 2.1%오른 37만4500원에, LG에너지솔루션은 0.2%오른 35만9000원에 장을 마감했다. 다만 주가가 400달러를... ",2024-07-04
LG 에너지솔루션,"김동명 LG엔솔 사장 ""1등 자만심 버리고 포트폴리오 전면 개편해야""",https://www.econovill.com/news/articleView.html?idxno=659575," LG에너지솔루션 CEO 김동명 사장이 4일 오전 구성원들에게 '자만심을 버리고 겸손한 자세로 도전과 혁신의 DNA를 되살립시다'는 제목의 메시지를 전달했다. 김 사장은 메시지에서 ""질적 성장을 통한 기업가치 일등이라는 목표 달성을 위해서는 미래를 대비할 근성과 체력을 길러야 할 뿐 아니라 자만심을 버리고... ",2024-07-04
LG 에너지솔루션,"김동명 LG엔솔 사장 ""자만심 버리고 도전과 혁신의 DNA 되살리자""",http://www.newsbrite.net/news/articleView.html?idxno=184227," 김동명 LG에너지솔루션 사장. LG에너지솔루션 CEO 김동명 사장이 4일 오전 구성원들에게 ""자만심을 버리고 겸손한 자세로 도전과 혁신의 DNA를 되살립시다'""는 제목의 메시지를 전달했다. 김 사장은 메시지에서 ""질적 성장을 통한 기업가치 일등이라는 목표 달성을 위해서는 미래를 대비할 근성과 체력을 길러야... ",2024-07-04
LG 에너지솔루션,"김동명 LG엔솔 사장 ""자만심을 버리고 겸손한 자세로 도전·혁신의 DNA 되...",https://www.insightkorea.co.kr/news/articleView.html?idxno=203918," 김동명 LG에너지솔루션 사장이 4일 오전 구성원들에게 '자만심을 버리고 겸손한 자세로 도전과 혁신의 DNA를 되살립시다'는 제목의 메시지를 전달했다고 밝혔다. 김 사장은 메시지에서 ""'질적 성장을 통한 기업가치 일등'이라는 목표 달성을 위해서는 미래를 대비할 근성과 체력을 길러야 할 뿐 아니라 자만심을... ",2024-07-04
LG 에너지솔루션,김동명 LG엔솔 사장 ‘냉정'을 반복 강조한 이유,https://www.asiatime.co.kr/article/20240704500125," 1분기 영업이익 전년 동기 75.2% 감소한 1573억 공격적인 사업 확장 했지만, 경영 비효율 발생 자신감이 자만심으로…냉정하게 돌아보자는 취지 [아시아타임즈=조광현 기자] 김동명 LG에너지솔루션 사장은 4일 회사 구성원들에게 보낸 최고경영자(CEO) 메시지를 통해 '냉정한 현실' '냉정한 반성' 등 냉정이라는... ",2024-07-04
LG 에너지솔루션,김동명 LG에너지솔루션 사장 “과거 영광에 사로잡히면 안 돼…차별화 ...,https://news.heraldcorp.com/view.php?ud=20240704050100," “자만심을 버리고, 우리만의 도전과 혁신의 DNA를 되살려야 합니다.” LG에너지솔루션의 최고경영자(CEO)인 김동명 사장이 4일 구성원들에게 지속가능한 성장을 위한 대대적인 체질개선을 주문했다. 김 사장은 하반기를 맞아 전사 구성원들에게 보낸 메시지에서 “‘질적 성장을 통한 기업가치 일등’이라는... ",2024-07-04
LG 에너지솔루션,테슬라 주가 연초 수준 복구...이차전지 회복 신호탄 될까,https://www.etoday.co.kr/news/view/2376905," 실제로 지난 6월 한 달간 테슬라가 11.19% 상승했지만, LG에너지솔루션, 삼성SDI, 에코프로 등 이차전지 관련 종목 10개로 구성된 ‘KRX 2차전지 톱10 지수’는 오히려 2.74% 떨어졌다. 사실상 낙수효과는 없었던 셈이다. 가장 큰 문제는 이차전지 회사들의 실적 전망이다. 전기차 대표 회사인 테슬라만 깜짝... ",2024-07-04
LG 에너지솔루션,"LG엔솔 김동명 사장 ""배터리 일등 자만심 안돼""",http://www.smedaily.co.kr/news/articleView.html?idxno=296435, LG에너지솔루션 CEO 김동명 사장이 4일 오전 구성원들에게 '자만심을 버리고 겸손한 자세로 도전과 혁신의 DNA를 되살립시다'는 제목의 메시지를 전달했다. LG에너지솔루션 CEO 김동명 사장이 4일 오전 구성원들에게 '자만심을 버리고 겸손한 자세로 도전과 혁신의 DNA를 되살립시다'는 제목의 메시지를 전달했다.... ,2024-07-04
LG 에너지솔루션,"LG엔솔 김동명 ""1등 자만심 버리고 도전·혁신의 DNA 되살려야""",https://www.yna.co.kr/view/AKR20240704027900003?input=1195m," 구성원에 CEO 메시지…""포트폴리오 전면 개편하며 혁신 가속화해야"" ""막연한 미래 낙관 경계…지금은 투자 속도 조절 필요"" 김동명 LG에너지솔루션 최고경영자(CEO) 사장은 4일 ""'질적 성장을 통한 기업가치 1등'이라는 목표 달성을 위해서는 미래를 대비할 근성과 체력을 길러야 할 뿐 아니라 자만심을 버리고... ",2024-07-04
LG 에너지솔루션,"LG엔솔 김동명, 구성원에 펀더멘탈 강화 집중 당부..“도전·혁신의 DNA ...",http://kpenews.com/View.aspx?No=3289867," 한국정경신문 이정화 기­자 joyfully3355@naver.com [한국정경신문=이정화 기자] 김동명 LG에너지솔루션 최고경영자(CEO) 사장이 ""질적 성장을 통한 기업가치 1등이라는 목표 달성을 위해서는 미래를 대비할 근성과 체력을 길러야 할 뿐 아니라 자만심을 버리고 우리만의 도전과 혁신의 DNA를 되살려야 한다""고... ",2024-07-04
LG 에너지솔루션,"인도네시아 거점으로 아세안 공략 본격화한 정의선 ""규모 더 키우겠다""",http://news.mt.co.kr/mtview.php?no=2024070316005824965, HLI그린파워는 현대차그룹과 LG에너지솔루션이 합작한 베터리셀 공장이다. 현대차그룹은 인도네시아에 배터리셀-전기차 생산 체제를 구축하고 아세안 전기차 생태계 조성의 핵심 기반을 마련했다. 현대차그룹은 인도네시아를 중심으로 아세안 전기차 시장에서 주도권을 확보한다는 전략을 세우고 있다.... ,2024-07-04
LG 에너지솔루션,"""-70%, 탈출 기회 오나"" 에코프로 개미 화색…테슬라 훈풍에 상승세",http://news.mt.co.kr/mtview.php?no=2024070409552251517," 이 시각 현재 국내 2차전지 대장주 LG에너지솔루션도 전 거래일보다 500원(0.14%) 상승한 35만8500원을 기록하고 있다. 삼성SDI(1.64%), 엔켐(1.69%), 솔브레인(4.1%), 에코프로머티(0.5%), 코스모신소재(0.41%)도 나란히 상승 중이다. 테슬라가 시장 기대치를 뛰어넘는 2분기 차량 인도 실적을 발표하며 급등한... ",2024-07-04
LG 에너지솔루션,"""자만심 버려라""…김동명 LG엔솔 사장 ""도전·혁신 DNA 되살리자""",https://www.youthdaily.co.kr/news/article.html?no=158311," 김동명 사장 ""지금은 투자 속도 조절 필요한 시기"" 김동명 LG에너지솔루션 CEO 사장이 구성원들에게 '자만심을 버리고 겸손한 자세로 도전과 혁신의 DNA를 되살립시다'는 제목의 메시지를 전달했다. 김 사장은 4일 메시지에서 ""'질적 성장을 통한 기업가치 일등'이라는 목표 달성을 위해서는 미래를 대비할 근성과... ",2024-07-04
LG 에너지솔루션,김동명 LG엔솔 CEO “자만심 버리고 겸손하게 도전하자”,https://www.ekn.kr/web/view.php?key=20240704022409541, 김동명 LG에너지솔루션 사장은 오전 구성원들에게 '자만심을 버리고 겸손한 자세로 도전과 혁신의 DNA를 되살립시다'는 제목의 메시지를 4일 전달했다. 김 사장은 메시지에서 “'질적 성장을 통한 기업가치 일등'이라는 목표 달성을 위해서는 미래를 대비할 근성과 체력을 길러야 할 뿐 아니라 자만심을 버리고... ,2024-07-04
LG 에너지솔루션,"김동명 LG엔솔 사장 ""업황 탓만 할 수 없어, 반성해야""",https://www.dailian.co.kr/news/view/1379554/?sc=Naver," 김동명 LG에너지솔루션 사장이 하반기를 맞아 전사 구성원들에게 질적 성장·펀더멘탈 강화 등을 당부했다. 김 사장은 4일 메시지를 통해 ""질적 성장을 통한 기업가치 일등이라는 목표 달성을 위해서는 미래를 대비할 근성과 체력을 길러야 할 뿐 아니라 자만심을 버리고 우리만의 도전과 혁신의 DNA를 되살려야... ",2024-07-04
LG 에너지솔루션,해외로 ‘성큼성큼’ 중국 배터리의 약진…‘K-배터리’ 빨간불 켜지나,https://www.khan.co.kr/economy/industry-trade/article/202407051521001, 업체별 전기차용 배터리 사용량 순위에서 국내 3사(LG에너지솔루션·삼성SDI·SK온)는 모두 상위권에 안착했지만 시장 점유율은 지난해 같은 기간보다 1.4%포인트 하락해 46.8%를 기록했다. LG에너지솔루션은 5.9% 성장한 33.3GWh(점유율 25.6%)로 중국 CATL에 이어 글로벌 2위를 차지했다. SK온이 전년 동기 대비... ,2024-07-05
LG 에너지솔루션,"K-배터리, ESS·LFP 시장 출사표…中 독점에 제동건다",https://www.newsis.com/view/NISX20240705_0002799805, LG에너지솔루션도 최근 전기차용 LFP 배터리 공급 계약을 맺으며 중국 텃밭에 출사표를 던졌다. 프랑스 자동차 기업 르노의 전기차 부문인 암페어에 2025년부터 39GWh를 5년간 공급한다. 전기차 LFP 배터리 시장은 중국의 CATL과 BYD가 주로 장악했다. 한국 배터리 기업이 LFP 배터리를 정식 공급하기로 한... ,2024-07-05
LG 에너지솔루션,LG에너지솔루션 오창공장 찾은 김영환 지사,https://www.newsis.com/view/NISI20240705_0001594442, 5일 충북 청주시 LG에너지솔루션 오창에너지플랜트 공장을 찾아 공장 관계자들과 화재 안전관리 방안 등에 대해 대화를 나누고 있다. (사진=충북도 제공) 2024.7.5. photo@newsis.com *재판매 및 DB 금지 ,2024-07-05
LG 에너지솔루션,"삼성SDI, 美서 1조원대 잭팟…‘中 장악’ ESS 시장 뚫고 新먹거리 개척...",https://news.heraldcorp.com/view.php?ud=20240705050179," 반면 삼성SDI(5％)와 LG에너지솔루션(4％)은 각각 6위와 7위였다. 중국 업체들이 막대한 ESS 내수 시장을 등에 업고 북미와 유럽 등으로 영향력을 확대한 반면, 우리나라에서는 2018년 ESS 화재 등 연이은 사건으로 시장이 크게 위축된 상황이다. 지역별 ESS 수요를 보면 지난해 기준 중국이 전체 시장의... ",2024-07-05
LG 에너지솔루션,올 1~5월 非중국 배터리 사용량 13.1%↑…'K-배터리' 상위권 유지,https://www.news1.kr/articles/5469822," LG에너지솔루션은 전년 동기보다 5.9% 증가한 33.3GWh를 판매해 시장 점유율 25.6%로 2위를 기록했고, SK온은 5.0% 증가한 13.9GWh로 3위(점유율 10.7%)에 올랐다. 삼성SDI는 13.7GWh의 배터리를 판매해 국내 3사 중 가장 높은 27.2%의 성장률을 보이며 4위(점유율 10.5%)에 안착했다. LG에너지솔루션은 자사... ",2024-07-05
LG 에너지솔루션,"삼성전자 '깜짝 실적'에 52주 신고가…코스피, 이틀 연속 연고점[시황종...",https://www.news1.kr/articles/5470357," LG에너지솔루션(373220) -0.42% 은 하락했다. 코스닥도 전날 대비 6.68p(0.79%) 상승한 847.49로 마감했다. 개인은 86억 원, 외국인은 367억 원 각각 순매수했으나 기관은 145억원 순매도했다. 전날에 이어 코스닥에서는 제약·바이오 관련 종목이 강세를 보였다. 시가총액 상위 10개 종목 중 HLB... ",2024-07-05
LG 에너지솔루션,"국내 배터리 3사, 非중국 시장서 점유율 소폭 하락",https://www.dailian.co.kr/news/view/1380159/?sc=Naver," 5일 시장조사기관 SNE리서치에 따르면 LG에너지솔루션, 삼성SDI, SK온 등 국내 3사는 비(非)중국 시장 점유율 순위에서 모두 5위권에 안착했다. LG에너지솔루션은 전년 동기 대비 5.9%(33.3GWh) 성장하며 2위를 기록했고, 삼성SDI는 국내 3사 중 가장 높은 27.2%(13.7GWh) 성장률을 나타냈다. SK온은 5.0%(13.9GWh)... ",2024-07-05
LG 에너지솔루션,"김영환 충북지사, '전지산업 화재 안전성 확보'",https://www.gukjenews.com/news/articleView.html?idxno=3036900, LG에너지솔루션 오창에너지플랜트 현장 방문 모습.(제공=충북도청) 김영환 충북도지사가 전지산업 화재안전성 확보를 위해 5일 LG에너지솔루션 오창에너지플랜트 현장을 방문했다고 밝혔다. 김영환 충북지사는 공장장 및 관계자를 만나 해당 공장의 주요 추진 사업과 이차전지 공정에 대한 간략한 소개 받고... ,2024-07-05
LG 에너지솔루션,"외국인·기관, 삼성그룹주 골라 담았다",https://weekly.donga.com/3/all/11/5043778/1," SK하이닉스, 신한지주, 셀트리온, 삼성바이오로직스, KB금융, 삼성증권, 삼성SDI, LG에너지솔루션, 삼성생명이 뒤를 이었다. 기관이 가장 많이 매도한 10개 종목은 에이피알, 삼양식품, 이노스페이스, 현대차, 한국항공우주, ISC, 한화오션, 한국콜마, CJ ENM, 한국가스공사였다. 이번 주 개인의 순매수... ",2024-07-05
LG 에너지솔루션,"""테슬라 반등했는데 한국은 언제쯤""…개미들 속탄다 [한경우의 케이스스...",https://www.hankyung.com/article/2024070555236," 연초 주가 회복한 테슬라…에코프로비엠은 34%↓ 6일 한국거래소에 따르면 국내 증시 2차전지 대장주로 꼽히는 LG에너지솔루션은 지난 5일 35만7500원에 거래를 마쳤습니다. 이달 들어 일주일(5거래일) 동안 9.49% 올랐습니다. 이와 함께 삼성SDI(7.91%), LG화학(4.49%), 에코프로비엠(3.88%), 엘앤에프(9.46%) 등... ",2024-07-06
LG 에너지솔루션,"[박대리보고서] 비상경영 돌입한 SK온, 각형에 집중…LFP 수주 확보한 L...",https://www.ddaily.co.kr/page/view/2024070515533613688," 리비안, LG엔솔과 손잡나…46파이 배터리 협력설 '솔솔' 미국 전기차 업체 리비안이 LG에너지솔루션과의 배터리 공급 협력 검토에 나섰다. 차세대 전기차 모델에 탑재할 46파이 배터리를 받기 위해서다. 아직 46파이 배터리의 생산성이 낮은 초기 단계인 만큼, 기존 삼성SDI와 LG에너지솔루션과의 협력을... ",2024-07-06
LG 에너지솔루션,K-배터리 연이은 수주 행진…캐즘 극복 청신호,https://www.etoday.co.kr/news/view/2377354, LG에너지솔루션과 삼성SDI의 글로벌 ESS용 배터리 시장 점유율은 2020년 55%에서 지난해 4%까지 떨어졌다. 이번 대규모 수주는 중국 기업이 독주하던 ESS용 배터리 시장에서 국내 기업이 추격의 발판을 마련했다는 점에서 의미가 깊다. 최근 미국 정부가 2026년부터 중국산 ESS용 배터리에 25%의 관세를... ,2024-07-06
LG 에너지솔루션,"""반도체 슈퍼사이클""…삼성, 2분기 영업익 10조 돌파 外[금주의 산업계...",https://www.newsis.com/view/NISX20240705_0002800526," 현대차그룹과 LG에너지솔루션이 합작 설립한 배터리 생산 회사 HLI그린파워가 배터리 셀을 생산해 '현대에너지 인도네시아'에 공급하면, 현대에너지 인도네시아가 배터리 모듈을 만들어 현대차 인도네시아 생산 법인(HMMI)에 납품하는 구조가 완성됐다. 이에 따라 현대자동차그룹은 인도네시아 최초로... ",2024-07-06
LG 에너지솔루션,"김영환 지사 ""화재 참사 재발방지 대책 추진""…오창 이차전지 공장 점검",https://www.inews365.com/news/article.html?no=821948, 7일 도에 따르면 김 지사는 지난 5일 LG에너지솔루션 오창에너지플랜트 공장을 방문해 현장을 직접 점검했다. 이날 방문은 지난달 24일 경기도 화성에서 발생한 전지공장 화재 사고 이후 도내 전지산업 공장의 안전을 점검하기 위해 이뤄졌다. 김 지사는 회사 관계자로부터 공장의 주요 추진 사업과 이차전지... ,2024-07-07
LG 에너지솔루션,[B트렌드] 글로벌 배터리 시장점유율 엎치락뒤치락… K-배터리 안정적 ...,http://www.industrynews.co.kr/news/articleView.html?idxno=53914," 줄곧 3위 자리에 있던 파나소닉(Panasonic)이 역성장으로 지난달부터 5위로 쳐졌고, 그 자리를 삼성SDI가 차지했으나 한달 만에 SK온과 자리를 바꿔 1위 CATL, 2위 LG에너지솔루션, 3위 SK온, 4위 삼성SDI 순으로 집계됐다. 중국 내수시장을 넘어 글로벌 시장에서도 광폭 행보를 보이고 있는 CATL은 올해 1월... ",2024-07-07
LG 에너지솔루션,충북보과대 '첨단산업 인재양성 부트캠프 사업' 선정,http://news.mt.co.kr/mtview.php?no=2024070813563846211," 또 성공적으로 사업을 수행하기 위해 충북도, 청주시, 충북테크노파크, 더블유스코프코리아, LG에너지솔루션, 파워로직스 등과 업무협약을 체결했다. 공학계열 학과들은 이들 산업체와 함께 유지보수, 기구관리, 전장관리 분야의 초·중·고급 교육과정을 운영한다. 박용석 총장은 ""지역 공대가 살아야 지역... ",2024-07-08
LG 에너지솔루션,"[오늘증시]외국인 '사자'에도 기관과 개인 '차익실현', 코스피 후퇴 ""28...",https://www.foodneconomy.com/news/articleView.html?idxno=360357," 코스피 시가총액 상위 10개 종목 중 삼성전자우(005935) 0.88%, 현대차(005380) 0.71%, 삼성전자(005930) 0.34%, LG에너지솔루션(373220) 0.28%, POSCO홀딩스(005490) 0.13% 등은 상승했다. 기아(000270) -1.66%, 삼성바이오로직스(207940) -1.37%, 셀트리온(068270) -1.29%, KB금융(05560) -1.13%, SK하이닉스(000660) -1.06... ",2024-07-08
LG 에너지솔루션,"""주간 코스피, 2,900선 진입 시도…단기 숨고르기 출현 가능""<키움證>",https://www.news2day.co.kr/article/20240708500027," 특히 한국 증시는 주 중 예정된 △미국 6월 소비자물가지수(CPI) △파월 의장 상원 청문회 발언 △한국은행 금융통화위원회 △JP모건·LG에너지솔루션(373220) 등 국내외 주요기업 실적 △삼성전자(005930)·LG전자(066570) 어닝 서프라이즈 이후 코스피 이익 전망 변화 등에 영향을 받으면서 2,900선 진입을 시도할... ",2024-07-08
LG 에너지솔루션,"기관·개인 매도세에 코스피, 2860선 내줘",https://view.asiae.co.kr/article/2024070817281484244," LG에너지솔루션은 테슬라 주가 반등에 0.28% 올랐으며 네이버, 카카오가 각각 1.43%, 2.17% 올랐다. 코스닥지수는 전장보다 11.78포인트(1.39%) 오른 859.27에 거래를 마쳤다. 지수는 전 거래일보다 1.10포인트(0.13%) 오른 848.59로 출발해 장중 상승세를 내내 유지했다. 코스닥 시장에서는 외국인이... ",2024-07-08
LG 에너지솔루션,"K-배터리, 2분기도 '한파'...투자속도 조절·ESS 확대로 실적 방어",http://www.thelec.kr/news/articleView.html?idxno=28975," 8일 금융정보업체 에프앤가이드에 따르면 LG에너지솔루션, 삼성SDI, SK이노베이션 등 국내 배터리 셀 제조사들의 2분기 실적이 이달 발표된다. 현재까지 컨센서스는 1분기에 이어 2분기도 전년동기 대비 실적과 영업이익이 하락한다는 분석이 대다수다. LG에너지솔루션은 8일 연결기준 잠정 매출... ",2024-07-08
LG 에너지솔루션,‘제2 하이닉스’ 맞나? SK온은 어디로 가나,https://magazine.hankyung.com/business/article/202407041976b, LG에너지솔루션과의 전기차 배터리 영업비밀 침해 분쟁에서 양사가 2년이 넘는 법적 공방 끝에 2021년 4월 SK 측이 LG 측에 2조원을 지급하는 조건으로 극적으로 합의한 것도 오너의 결단이 크게 작용한 것으로 알려졌다. 다만 총 2조원의 합의금 중 5000억원씩 두 번에 걸쳐 1조원을 지급하고 남은 1조원은... ,2024-07-08
LG 에너지솔루션,"TCC스틸, 주가 급등…내달 양산 '4680 배터리' 소재공급 부각",http://www.thebigdata.co.kr/view.php?ud=202407080711506817cd1e7f0bdf_23," 이는 LG에너지솔루션이 차세대 4680(지름 46mm·길이 80mm) 원통형 배터리를 이르면 오는 8월부터 양산할 예정인 가운데, 관련 밸류체인이 주목받은 것으로 풀이된다. 앞서 김동명 LG에너지솔루션 사장은 연초 서울 서초구 JW 메리어트 호텔에서 열린 한국배터리산업협회 이사회·총회 참석 전 기자들과... ",2024-07-08
LG 에너지솔루션,"LG에너지솔루션, 2분기 영업익 1953억원… 전년比 57.6%↓",https://biz.chosun.com/industry/company/2024/07/08/LKPXP7DHVFAR3LJXKGJ4W2ZWTM/?utm_source=naver&utm_medium=original&utm_campaign=biz," “IRA 세액공제 제외시 영업손실 2525억원” LG에너지솔루션은 올해 2분기 실적이 매출 6조1619억원, 영업이익 1953억원으로 잠정 집계됐다고 8일 공시했다. 전년 동기 대비 매출은 29.8%, 영업이익은 57.6% 감소한 수치다. 회사는 2분기 영업이익 1953억원에는 미국 인플레이션 감축법(IRA)에 따른... ",2024-07-08
LG 에너지솔루션,현대차·삼성전자·금호타이어 주가 상승세...SK이노·에코프로는 하락...,https://www.dailycar.co.kr/content/news.html?type=view&autoId=53583," LG에너지솔루션(373220)는 35만 5500원을 기록했다. 이는 전 거래일 종가 35만 7500원 대비 0.55%가 하락한 수치다. 전 거래일 기준 외국인 보유 주식 수는 1129만 6273주이며, 취득률은 4.83%다. 외국인은 4489주를 매수했고, 기관은 2만 1078주를 매도했다. 증권사에서의 목표 주가는 48만... ",2024-07-08
LG 에너지솔루션,[오늘의 주요 공시] LG엔솔ㆍHD현대미포ㆍHD현대중공업ㆍ커넥트웨이브 ...,https://www.etoday.co.kr/news/view/2377975," 이투데이=정회인 기자 | △LG에너지솔루션, 2분기 영업이익 전년比 58% 감소한 1953억 원 …IRA 보조금 제외 영업손실 2525억 원 △한국컴퓨터, 내년 1월 7일까지 30억 규모 자사주 취득 신탁계약 체결 △토탈소프트, 22억 규모 공급계약 말레이시아 기업과 체결 △커넥트웨이브, 자사주... ",2024-07-08
LG 에너지솔루션,"LG엔솔, 2분기 영업익 1천953억원…전년比 57.6% 감소",https://www.youthdaily.co.kr/news/article.html?no=158646," 2분기 잠정실적 발표…매출 6조1천619억원 LG에너지솔루션은 올해 2분기 잠정실적으로 매출 6조1천619억원, 영업이익 1천953억원을 기록했다고 8일 밝혔다. 전년 동기 대비 매출은 29.8% 감소했으며 영업이익은 57.6% 줄었다. 전기 대비 매출은 0.5%, 영업이익은 24.2% 증가했다. 영업이익 1천953억원은... ",2024-07-08
LG 에너지솔루션,'전기차 캐즘' LG엔솔 2분기 영업익 58% 급감…세액공제 빼면 적자,https://biz.sbs.co.kr/article_hub/20000180374?division=NAVER," 국내 배터리 업체 1위인 LG에너지솔루션 역시 이 같은 악재에 반토막 난 성적표를 받았습니다. 이민후 기자, 실적 짚어주시죠. [기자] LG에너지솔루션이 올해 2분기 영업이익 1천953억 원을 기록했는데 이는 1년 전보다 58% 급감한 수치입니다. 매출은 6조 1천287억 원으로 지난해보다 30% 줄었습니다. LG엔솔은... ",2024-07-08
LG 에너지솔루션,LG엔솔 2분기 영업이익 전년비 57.6% 감소,https://vop.co.kr/A00001657278.html," 전기차 시장이 둔화하면서 LG에너지솔루션 실적이 고꾸라졌다.LG에너지솔루션은 연결 기준 2분기 영업이익이 1,953억원으로 잠정 집계됐다고 8일 공시했다. 전년 동기보다 57.6 감소한 수치다.매출은 6조 1,619억원으로 전년 동기 대비 29.8 줄었다.미국 인플레이션 감축법(IRA)상 첨단 제조 생산... ",2024-07-08
LG 에너지솔루션,"LG에너지솔루션, 美 보조금 빼면 2Q 2500억 적자",http://www.fntimes.com/html/view.php?ud=2024070810304897827de3572ddd_18," LG에너지솔루션은 올해 2분기 매출 6조1619억원, 영업이익 1953억원을 기록한 것으로 잠정집계됐다고 8일 발표했다. 작년 2분기와 비교해 매출은 29.8%, 영업이익은 57.6% 감소했다. 영업이익에는 미국 IRA(인플레이션감축법) AMPC(첨단제조생산 세액공제)에 따른 혜택 4478억원 포함됐다. 이를 제외하면... ",2024-07-08
LG 에너지솔루션,"LG엔솔, 2분기 영업익 58％ 급감…바닥 찍고 하반기 반등 꾀한다",https://news.heraldcorp.com/view.php?ud=20240708050237," 올해 2분기 전기차 시장 성장 둔화에 실적 부진에 빠진 LG에너지솔루션이 하반기 투자 효율성 극대화를 통해 반등을 꾀한다. 8일 업계에 따르면 LG에너지솔루션은 올해 2분기 매출액 6조1619억원, 영업이익 1953억원을 달성했다고 공시했다. 전년 동기 대비 매출액과 영업이익은 각각 29.8％, 57.6％ 감소했다.... ",2024-07-08
LG 에너지솔루션,[경제PICK] LG엔솔 영업이익 반 토막...'캐즘' 돌파구는?,https://www.ytn.co.kr/_ln/0102_202407081723566986," 중국을 제외한 전 세계 배터리 시장에서 1, 2위를 다투는 LG에너지솔루션의 경우, 2분기 영업이익이 반 토막이 났습니다. 지난 2분기 영업이익이 1,953억 원으로 지난해 2분기보다 57.6% 줄었는데요. 그나마도 미국 인플레이션감축법에 따른 세액 공제를 제외한 실제 영업이익은 2,525억 원 적자를 기록했습니다.... ",2024-07-08
LG 에너지솔루션,"""지금이 바닥?""…실적 한파에 장기전 들어간 LG엔솔",https://www.econovill.com/news/articleView.html?idxno=659899, 전기차 캐즘(일시적 수요 둔화)에 중국산 저가 배터리 공세가 더해지며 'K-배터리' 위기론이 수면으로 떠오르고 있는 가운데 가장 먼저 올해 2분기 잠정실적을 공개한 LG에너지솔루션 또한 실적 부진을 피해가지 못하고 있다. 국내 배터리 업계 1위인 LG에너지솔루션이 8일 공개한 '2024년도 2분기 잠정실적... ,2024-07-08
LG 에너지솔루션,전기차 캐즘에 LG엔솔도 휘청…끝없는 배터리 한파 [종합],https://www.etoday.co.kr/news/view/2377846," 이투데이=김민서 기자 | LG에너지솔루션 2분기 잠정 영업익 1953억 원 전년동기대비 57.6% 감소…AMPC 제외시 적자 전기차 캐즘 속 길어지는 'K-배터리' 한파 ""제품군 다각화·투자 속도 조절"" 국내 배터리 업계에 불어닥친 한파가 길어지고 있다. 주력 시장인 북미·유럽의 전기차 수요 부진이 지속되는... ",2024-07-08
LG 에너지솔루션,"LG에너지솔루션, 2분기 잠정 영업익 1953억 원…AMPC 제외 시 적자 [1보]",https://www.etoday.co.kr/news/view/2377751," 이투데이=김민서 기자 | LG에너지솔루션은 올해 2분기 잠정 실적을 발표하고 매출 6조1619억 원, 영업이익 1953억 원을 기록했다고 8일 밝혔다. 지난해 같은 기간과 비교하면 매출은 29.8%, 영업이익은 57.6% 각각 감소했다. 올해 1분기 대비 매출은 0.5%, 영업이익은 24.2% 증가했다. 미국... ",2024-07-08
LG 에너지솔루션,"'전기차 한파' LG엔솔, 하반기 먹구름 걷힐까",https://zdnet.co.kr/view/?no=20240708140218," LG에너지솔루션이 핵심 공급처인 전기차 시장 수요 정체(캐즘) 영향을 받아 2분기 부진한 성적표를 받은 가운데, 하반기 고객사의 북미 시장 신규 모델 다수 출시가 예정돼 있어 실적이 개선될지 주목된다. 8일 LG에너지솔루션은 2분기 연결 기준 잠정 실적으로 매출 6조1천619억원, 영업이익 1천953억원을... ",2024-07-08
LG 에너지솔루션,"LG에너지솔루션, 2분기 영업이익 1천953억원…57.6% 감소",https://biz.sbs.co.kr/article_hub/20000180332?division=NAVER," 전기차 캐즘(일시적 수요 정체) 여파에 LG에너지솔루션이 2분기 부진한 성적을 거뒀습니다. LG에너지솔루션은 2분기 잠정 매출 6조1천619억원, 영업이익 1천953억원을 기록했다고 오늘(8일) 발표했습니다. 지난해 2분기와 비교해 매출은 29.8% 줄었고, 영업이익은 57.6% 감소했습니다. 실적 부진에 대해... ",2024-07-08
LG 에너지솔루션,"LG에너지솔루션, IRA 혜택 제외시 적자…업황 부진",https://www.bloter.net/news/articleView.html?idxno=618940," LG에너지솔루션은 8일 2분기 연결기준 잠정 영업이익 1953억원을 기록했다고 공시했다. 지난해 1분기 영업이익 4606억원 보다 57.6% 감소한 수치다. 미국 IRA에 따른 첨단 제조 생산 세액공제(AMP) 혜택이 2분기 영업이익에 포함됐으며, 세제 혜택 제외시 2분기 영업손실액은 2525억원이다. 2분기... ",2024-07-08
LG 에너지솔루션,"LG엔솔, 2분기 영업익 ‘반토막’…""근본 경쟁력 키운다""",https://www.newsis.com/view/NISX20240708_0002802535," 전기차 수요 위축 영향으로 LG에너지솔루션의 올 2분기 영업이익이 지난해 같은 기간 대비 절반 수준에 그쳤다. 특히 IRA(미국 인플레이션 방지법)에 따른 AMPC(첨단제조세액공제)를 감안할 경우 사실상 적자 폭이 지난 분기보다 더 커졌다. LG에너지솔루션은 올 2분기 매출 6조1619억원, 영업이익... ",2024-07-08
LG 에너지솔루션,"LG엔솔, 2분기 IRA 세액공제 빼면 2525억원 적자",https://zdnet.co.kr/view/?no=20240708102358," LG에너지솔루션이 지난 1분기에 이어 2분기도 미국 인플레이션감축법(IRA) 상 세액공제분을 제하면 적자를 기록한 것으로 나타났다. LG에너지솔루션은 2분기 연결기준 잠정 실적으로 매출 6조1천619억원, 영업이익 1천953억원을 기록했다고 8일 밝혔다. 전년 동기 대비 매출은 29.8%, 영업이익은 57.6% 각각... ",2024-07-08
LG 에너지솔루션,"LG엔솔, 1분기에 이어 2분기도 보조금 빼면 적자",https://www.wowtv.co.kr/NewsCenter/News/Read?articleId=A202407080126&t=NNv," 전기차 수요 둔화 속에, LG에너지솔루션의 2분기 영업이익이 반토막 났습니다. 미국 정부로부터 받은 세액공제 분을 빼면 1분기에 이어 2분기도 적자 늪에서 벗어나지 못한 것으로 나타났습니다. 강미선 기자의 보도입니다. <기자> LG에너지솔루션이 올해 2분기 미국 인플레이션감축법(IRA)에 따른 세제... ",2024-07-08
LG 에너지솔루션,"LG에너지솔루션, 2분기 영업익 1953억…AMPC 빼면 2525억 적자",https://www.dailian.co.kr/news/view/1380847/?sc=Naver, LG에너지솔루션은 올해 2분기 영업이익이 1953억원으로 전년 동기 대비 57.6% 감소한 것으로 잠정 집계됐다고 8일 밝혔다. 같은 기간 매출은 6조1619억원으로 29.8% 줄었다. 미국 인플레이션감축법(IRA) 첨단 제조 생산 세액공제(AMPC) 제도(45X)에 따른 세액공제(4478억원)를 제외하면 영업손실... ,2024-07-08
LG 에너지솔루션,협력사 사정까지 신경써야…EU 공급망 실사지침 발효에 '발등의 불',https://biz.sbs.co.kr/article_hub/20000180444?division=NAVER," LG에너지솔루션은 정기 ESG 평가를 통해 협력사를 관리하고 있습니다. 근로 여건 및 인권, 윤리경영, 온실가스, 환경 등 분야에 대해 서면심사하고, 이후 고위험군으로 선별되는 협력사에 대해서는 현장실사를 진행합니다. 올해부터는 N차 공급망을 연결한 관리시스템을 개발해 공급망 추적성을 강화해... ",2024-07-08
LG 에너지솔루션,"LG엔솔, 2Q 영업익 1천953억·58%↓…세액공제 빼면 2천500억 적자",https://news.einfomax.co.kr/news/articleView.html?idxno=4316148, 시장 전망치 하회…직전 분기 대비 매출·이익 반등 LG에너지솔루션[373220]이 올해 2분기 시장 전망치를 밑도는 실적을 발표했다. 미국 인플레이션 감축법(IRA)에 따른 세액공제 효과를 빼면 2천500억원 넘는 적자다. LG에너지솔루션 폴란드 브로츠와프 공장[출처: LG에너지솔루션] LG에너지솔루션은 연결... ,2024-07-08
LG 에너지솔루션,"[종합] LG엔솔, 또 '사실상 적자'…2Q 美세액공제 빼면 '2525억 손실', 하...",https://www.financialpost.co.kr/news/articleView.html?idxno=208492, 대한민국을 대표하는 이차전지 제조사 LG에너지솔루션이 지난 2분기에 미국 인플레이션 감축법(IRA)에 따른 첨단제조생산세액공제(AMPC)분을 제외한 집계에서 영업손실 2525억원을 기록해 지난 1분기에 이어 또 적자를 기록했다. 전기차 캐즘(일시적 수요 정체)과 주요 광물 가격 하락에 따른 역래깅... ,2024-07-08
LG 에너지솔루션,"[마켓뷰] 지난주 열심히 달린 코스피, 美 물가 지수 발표 앞두고 숨 고르...",https://biz.chosun.com/stock/stock_general/2024/07/08/KFRGLYWMWFBKFA65JBRIMKFDDU/?utm_source=naver&utm_medium=original&utm_campaign=biz, LG에너지솔루션은 올해 2분기 시장 전망치를 하회하는 실적을 내면서 장중 하락 전환한 뒤 소폭 오른 35만8500원에 거래를 마쳤다. 효성중공업은 노르웨이에서 3000억원대 초고압 변압기를 수주했다는 소식에 6% 넘게 급등했다. 이날 우리 증시에서 외국인의 투자 심리가 개선된 것은 미국의 고용 지표가... ,2024-07-08
LG 에너지솔루션,"유진테크놀로지, 투자주의종목 지정…거래소 ""스팸관여 과다""",http://www.thebigdata.co.kr/view.php?ud=202407080829527925cd1e7f0bdf_23," 이원재 한국IR협의회 연구원은 ""유진테크놀로지는 배터리 제조사, 장비 제조사, 전기차 제조사 등 산업군별로 다양한 고객사들을 확보하고 있으며 주 매출처는 삼성SDI와 LG에너지솔루션 등의 2차전지 제조사""라며 ""삼성SDI에 배터리 노칭금형을 100% 독점적으로 공급하고 있고, LG에너지솔루션으로는... ",2024-07-08
LG 에너지솔루션,"美 물가지수 발표 앞두고 눈치보는 코스피, 강보합 출발",https://biz.chosun.com/stock/stock_general/2024/07/08/O2UA6EAZTND2ZFMDVXZKRJGPJU/?utm_source=naver&utm_medium=original&utm_campaign=biz," 반면 LG에너지솔루션과 삼성바이오로직스, 셀트리온 등은 하락세다. 같은 시각 코스닥지수는 전 거래일 대비 2.41포인트(0.28%) 오른 849.90을 기록 중이다. 개인이 홀로 680억원치 순매수 중인 가운데, 외국인과 기관은 각각 498억원, 158억원 순매도하고 있다. 코스닥 시장 시가총액 상위 종목 중... ",2024-07-08
LG 에너지솔루션,"코스피, 연일 최고치 경신...하반기 '꿈의 삼천피' 이룰까",http://news.tf.co.kr/read/economy/2113680.htm," 이 외에도 LG에너지솔루션도 바닥을 치고 반등하고 있고, 상장 50년 만에 최고가를 기록하고 있는 현대차와 기아의 강세도 빼놓을 수 없다. 전통적인 배당주에서 정부의 밸류업 기조를 타고 대표적인 '저PBR(주가순자산비율)주'로 변모하고 있는 KB금융도 연일 52주 신고가를 돌파하면서 금융주 전반의... ",2024-07-08
LG 에너지솔루션,네이버·카카오 '반격'…두산에너 '불기둥',http://www.wowtv.co.kr/NewsCenter/News/Read?articleId=A202407080143&t=NN," 시가총액 상위종목별로는 NAVER(2.14%)와 LG에너지솔루션(0.98%) 등 그간 낙폭이 컸던 종목들을 중심으로 매수세가 유입되고 있다. 카카오도 1,300원(3.13%) 오른 4만2,800원을 기록중이다. 삼성전자 역시도 호실적 약발이 이틀째 이어지면서 강보합세를 기록중이다. 특히, 두산에너빌리티는 전거래일대비 1... ",2024-07-08
LG 에너지솔루션,[Top's Law] [기업법칼럼] 이사는 누구를 위해 일하는가,https://www.topdaily.kr/articles/98060," 물적분할 후 상장이 논란이 된 대표적 사례가 LG에너지솔루션이다. LG화학은 핵심 사업인 배터리 사업부문을 물적분할해 LG에너지솔루션이라는 완전자회사를 설립해 상장했다. LG화학 주가는 전기차 배터리 사업 성장에 힘입어 2021년 1월 100만원대까지 올랐지만, 같은 해 10월 분할 확정 이후 60만원대로 하락했다.... ",2024-07-08
LG 에너지솔루션,LG엔솔 애리조나 공장 건설 중단에도 현지 당국 “파트너십에 전념” 의...,https://www.businesspost.co.kr/BP?command=article_view&num=358182, 오유성 LG에너지솔루션 소형사업부장 전무(앞줄 왼쪽 세 번째)와 김형식 ESS전지 사업부장 상무(앞줄 오른쪽 세 번째) 및 나희관 애리조나 법인장 상무(앞줄 오른쪽 끝)가 현지시각으로 4월3일 애리조나주 퀸크릭에 위치한 배터리 단독 공장 착공식에 참석해 기념사진을 촬영하고 있다. 케이티 홉스 애리조나... ,2024-07-08
LG 에너지솔루션,'전기차 캐즘'에 2차전지 대장주 LG엔솔 이익 감소,http://www.jbnews.com/news/articleView.html?idxno=1443262," ［중부매일 박상철 기자］ 국내 2차전지 대장주 LG에너지솔루션(이하 LG엔솔)도 전기차 캐즘(Chasm·일시적 수요 정체 현상) 여파를 피하지 못했다. 8일 LG엔솔은 올해 2분기 연결 기준 잠정 실적을 발표했다. 매출 6조1천619억 원, 영업이익 1천953억 원을 기록했다. 지난해 같은 기간 대비 매출 29.8... ",2024-07-08
LG 에너지솔루션,"중국 전기차 미국·유럽 규제에 인도네시아 향한다, LG엔솔 현대차 영향...",https://www.businesspost.co.kr/BP?command=article_view&num=358198, 현대자동차그룹이 LG에너지솔루션과 합작해 건설한 인도네시아 배터리셀 공장 'HLI그린파워' 전경. 미국과 유럽연합(EU)의 규제 강화로 해외 수출에 불확실성이 커진 중국 전기차 기업들이 인도네시아를 비롯한 동남아 시장 공략에 집중할 것으로 전망된다. 인도네시아는 현대자동차와 LG에너지솔루션이 주요... ,2024-07-08
LG 에너지솔루션,"케이씨텍, LG엔솔 파일럿 7라인 진입 실패",http://www.thelec.kr/news/articleView.html?idxno=28968, LG에너지솔루션 파우치형 배터리 이미지.(사진 LG에너지솔루션) 케이씨텍이 LG에너지솔루션 양산라인 문턱을 못 넘고 있다. 지난해 9월 패키징 장비 인증(퀄) 이후 대전 기술연구원에 연구‧개발(R&D) 장비를 한 대 공급한 이후 양산용 장비 발주를(PO) 받지 못하고 있다. 전기차 판매 감소로 하반기 투자... ,2024-07-08
LG 에너지솔루션,"LG에너지솔루션, '어닝 쇼크' 딛고 주가 반등...주가 36만원 회복",http://www.g-enews.com/ko-kr/news/article/news_all/202407081019427223edf69f862c_1/article.html," LG에너지솔루션이 '어닝 쇼크' 수준의 실적을 발표했지만, 주가는 소폭 반등세를 보이고 있다. 8일 코스피 상장사 LG에너지솔루션은 연결 기준 올해 2분기 영업이익이 1천953억원으로 지난해 동기보다 57.6% 감소한 것으로 잠정 집계됐다고 8일 공시했다. 이번 영업이익은 연합인포맥스가 집계한... ",2024-07-08
LG 에너지솔루션,"LG엔솔 김동명, 전기차 LFP 수주…점유율 하락 극복 노린다",http://www.shinailbo.co.kr/news/articleView.html?idxno=1899867," LG에너지솔루션의 글로벌 자동차시장 점유율이 전년 동기대비 2.1%포인트 하락한 12.6%를 기록했다. 김동명 LG엔솔 사장은 국내 업체 최초로 전기차용 LFP 배터리 수주를 통해 점유율 회복을 노린다는 방침이다. 8일 업계에 따르면, 최근 LG엔솔은 르노와 2025년 말부터 2030년까지 총 5년 공급 규모 약 39GWh... ",2024-07-08
LG 에너지솔루션,"LG에너지솔루션, 2분기 영업익 1953억 '58%↓'…에쓰오일, 서울창업허브...",http://www.sisaon.co.kr/news/articleView.html?idxno=162365," 2024년 2분기 LG에너지솔루션 매출과 영업이익을 나타낸 그래프. ⓒLG에너지솔루션 LG에너지솔루션, 2분기 영업익 1953억…전년比 58%↓ LG에너지솔루션은 올해 2분기 영업이익(잠정)이 전년 동기 대비 57.6% 감소한 1953억 원을 기록했다고 8일 밝혔다. 같은 기간 매출은 29.8% 감소한 6조1619억 원으로 집계됐다.... ",2024-07-08
LG 에너지솔루션,"[찐코노미] ""2차전지, 캐즘 탈출 조짐""…LG엔솔·에코프로비엠 '이렇게'...",https://www.etoday.co.kr/news/view/2377774, 이투데이=최은지 기자 | LG에너지솔루션이 프랑스 르노의 전기차 부문 암페어와 파우치 LFP 배터리 공급 계약을 체결했습니다. 이는 2025년부터 5년간 39기가와트시(GWh) 규모로 순수 전기차 59만 대에 사용할 양인데요. 유럽 현지 공장에서의 안정된 공급과 기술력이 계약 성사에 주요한 역할을 했습니다. 이를... ,2024-07-08
LG 에너지솔루션,전기차 시장 '캐즘'… LG엔솔 2분기 영업이익 57.6% 감소,https://www.inews365.com/news/article.html?no=822198," 매출 6조1천619억 원·영업이익 1천953억 원 전년 동기比 매출 29.8% 감소 ［충북일보］ LG에너지솔루션도 전기차 시장의 캐즘(Chasm·일시적 수요 정체 현상)여파를 피하지 못했다. 세계적인 전기차 시장의 둔화와 메탈 가격 하락, 소비 위축 등으로 전반적인 시장의 약세를 겪고 있는 것으로 분석된다.... ",2024-07-08
LG 에너지솔루션,"LG에너지솔루션, 2분기 영업익 1953억...전년비 57.6% 급감",http://www.metroseoul.co.kr/article/20240708500294," LG에너지솔루션 CI. LG에너지솔루션의 2분기 영업이익이 전기차 수요 부진 등으로 지난해 대비 큰 폭 감소했다. LG에너지솔루션이 2024년 2분기 잠정 실적을 발표했다고 8일 밝혔다. 매출 6조1619억 원, 영업이익 1953억 원이다. 전년 동기 대비 매출은 29.8% 감소, 영업이익은 57.6... ",2024-07-08
LG 에너지솔루션,LG화학·LG엔솔 25일 기관투자자 등 대상 기업설명회,http://www.cctimes.kr/news/articleView.html?idxno=804464, LG화학은 오는 25일 오후 2시 기관투자자와 증권 애널리스트 등을 대상으로 올해 2분기 경영실적을 설명하는 기업설명회(IR)를 개최한다고 8일 공시했다. LG에너지솔루션도 이날 오전 10시 올해 2분기 경영실적을 발표하는 기업설명회(IR)를 개최한다고 8일 공시했다. /엄경철 선임기자 ,2024-07-08
LG 에너지솔루션,"엇갈리는 외인-기관 수급…코스피, 장 초반 2,860대 보합권 등락(종합)",https://www.yna.co.kr/view/AKR20240708032551008?input=1195m," SK하이닉스, LG에너지솔루션, 기아, 삼성SDI 등은 상승과 하락을 오가는 보합권 등락 중이다. 업종별로 보면 음식료품(1.16%), 운수장비(1.07%), 전기전자(0.78%), 의료정밀(0.74%), 기계(0.68%) 등이 오르고 있으며 보험(-2.22%), 운수창고(-2.10%), 유통업(-1.20%), 전기가스업(-0.58%), 통신업(-0.30%) 등은 내리고... ",2024-07-08
LG 에너지솔루션,"LG엔솔, 2분기 영업익 '반토막'…한파 몰아치는 배터리업계",http://www.edaily.co.kr/news/newspath.asp?newsid=03076646638952552, 국내 이차전지(배터리) 업계 1위인 LG에너지솔루션의 올해 2분기 실적이 전방산업인 전기차 캐즘(일시적 수요 둔화) 여파로 크게 악화했다. K-배터리의 주력 시장이었던 유럽 지역 전기차 수요 회복이 더딘 데다 원재료인 메탈 가격 하락세가 이어지면서 주요 업체들의 실적 개선이 하반기 이후로 지연될... ,
LG 에너지솔루션,2분기도 배터리 한파… LG엔솔 영업익 ‘반토막’,https://www.munhwa.com/news/view.html?no=2024070801071707207002," 국내 배터리 업계 1위인 LG에너지솔루션은 올해 2분기 영업이익이 1953억 원으로 잠정 집계됐다고 8일 공시했다. 전 분기 대비 소폭 상승했지만, 이는 지난해 같은 기간 영업이익(4606억 원)보다 57.6%가량 감소한 수치다. LG에너지솔루션의 영업이익은 지난해 3분기 7312억 원, 지난해 4분기 3382억 원, 올해... ",
LG 에너지솔루션,"'데스밸리' 건너는 LG엔솔…""전기차 회복에 4분기 개선""",https://www.hankyung.com/article/2024070899401," 국내 1위 배터리 셀 제조사인 LG에너지솔루션이 지난 2분기 매출 6조1619억원, 영업이익 1953억원의 실적을 기록했다. 전년 동기 대비 각각 29.8%, 57.6% 감소했다. 올해 연간 매출이 전년보다 줄어들 것이라는 전망마저 나온다. LG에너지솔루션이 ‘기대 이하’의 성적표를 받긴 했지만 마지막 ‘데스밸리’... ",
LG 에너지솔루션,"LG엔솔 '꿈의 기술' 정조준…""2028년 건식 코팅 상용화""",https://www.hankyung.com/article/2024070428891, LG에너지솔루션이 2028년까지 ‘건식 전극’ 기술을 상용화하겠다고 밝혔다. 건식 전극 기술은 기존 습식 코팅 방식보다 친환경적이고 생산 비용을 대폭 낮출 수 있는 것으로 평가된다. 테슬라조차 중단한 ‘꿈의 공정 기술’이다. 공정 혁신을 통해 중국산 배터리와의 경쟁에 대비하기 위한 포석으로... ,
LG 에너지솔루션,"LG엔솔, 中 제치고 'LFP 배터리' 첫 수주",https://www.hankyung.com/article/2024070273161," LG에너지솔루션이 전기차용 리튬·인산철(LFP) 배터리를 르노에 공급한다. 4조~5조원에 달하는 물량인 것으로 알려졌다. CATL, 비야디(BYD) 등 중국 배터리셀 제조사들이 장악한 중저가 시장에 국내 업체가 본격적으로 참전할 것임을 알리는 ‘신호탄’으로 해석된다. 최대 5조원 규모 공급 예상... ",
LG 에너지솔루션,"LG그룹주, 한달새 시총 7조 불었다",https://www.hankyung.com/article/2024070772601, 같은 기간 LG그룹주(LG에너지솔루션 LG전자 LG디스플레이 LG이노텍 LG유플러스 LG화학 LG생활건강) 시가총액은 7조원 늘었다. 이들 종목 주가는 올 들어 6월 초까지 박스권을 맴돌거나 내림세를 보이다가 ‘깜짝 실적’ 등에 힘입어 오름세로 전환하고 있다. LG전자는 올 2분기 영업이익으로... ,
LG 에너지솔루션,"삼성SDI ""ESS 배터리 왕좌 되찾겠다""…中에 전면전 선포",https://www.hankyung.com/article/2024070430221, ○“ESS가 실적 견인할 것” ESS 시장에 눈독을 들이기는 LG에너지솔루션도 마찬가지다. 이 회사는 핵심 고객인 테슬라와 제너럴모터스(GM)의 전기차 판매 둔화에 따른 실적 부진을 ESS로 메운다는 전략을 세웠다. 이미 몇몇 성과도 거뒀다. 지난 5월 한화큐셀(한화솔루션 태양광 부문)이 발주한 4.8GWh... ,
LG 에너지솔루션,"""자만심 버리고 혁신 되살려야"" LG엔솔 대표의 '자성' 메시지",http://www.fnnews.com/news/202407041806243478, 김동명 LG에너지솔루션 최고경영자(CEO·사진)가 전기차 캐즘(대중화 전 일시적 수요 둔화)을 겪고 있는 배터리 사업의 위기 극복을 위해 전 구성원에게 경각심을 주문했다. 4일 LG에너지솔루션에 따르면 김 대표는 구성원들에게 '자만심을 버리고 겸손한 자세로 도전과 혁신의 DNA를 되살립시다'는 제목의 메시지를... ,
LG 에너지솔루션,"LG엔솔 CEO의 뼈저린 반성 ""자만심 버리고 도전·혁신의 DNA 되살리자""",https://www.hankookilbo.com/News/Read/A2024070410040005465?did=NA," LG에너지솔루션(LG엔솔)은 최고경영자(CEO) 김동명 사장이 4일 오전 임직원에게 '도전과 혁신의 DNA를 되살리자'는 메시지를 전달했다고 이날 밝혔다. LG엔솔에 따르면 김 사장은 ""질적 성장을 통한 기업가치 일등이라는 목표 달성을 위해서는 미래를 대비할 근성과 체력을 길러야 한다""며 ""이뿐만 아니라... ",
LG 에너지솔루션,"LG엔솔, 호주 리튬 광산 투자…IRA 공급망 강화",http://www.edaily.co.kr/news/newspath.asp?newsid=02722406638950584, LG에너지솔루션이 전기차 배터리 핵심 원재료인 리튬 광산 투자를 실시했다. LG에너지솔루션은 2일 LG에너지솔루션은 호주 리튬 광산 업체 라이온타운과 대규모 리튬 정광 공급 및 전환사채 투자 계약을 체결했다고 밝혔다. 리튬 정광은 리튬 광석을 가공해 농축한 고순도 원자재로 고용량 전기차... ,
LG 에너지솔루션,"LG엔솔, 호주서 전기차 500만대분 리튬 … 핵심원료 확보 총력",https://www.mk.co.kr/article/11057049," LG에너지솔루션은 호주 광산 업체와 전기차 500만대분의 리튬 수급 계약을 체결했다. 전기차 캐즘(일시적 수요 둔화)으로 성장세가 둔화된 상황이지만, 미래에 있을 수요 확대에 대비해 선제적으로 원료 확보에 집중하는 모양새다. 2일 LG에너지솔루션은 호주 리튬 광산 업체 라이언타운으로부터 리튬 정광... ",
LG 에너지솔루션,"LG엔솔, ‘中 텃밭’ LFP 배터리서 첫 대규모 수주",https://www.kmib.co.kr/article/view.asp?arcid=1719907530&code=11151400&cp=nv, LG에너지솔루션이 전기차용 LFP(리튬인산철) 배터리 첫 수주에 성공했다. 국내 배터리 기업 중 전기차용 LFP 배터리 공급 계약을 맺은 곳은 LG에너지솔루션이 처음이다. ‘중국 텃밭’으로 불리는 LFP 배터리 영역에서 제품 경쟁력으로 승부를 봤다는 점에서 한국 배터리 기업 입지를 키운 성과라는 평가가... ,
LG 에너지솔루션,"中에 반격 가한 K배터리…LG엔솔, 유럽 LFP 첫 대규모 수주",http://www.edaily.co.kr/news/newspath.asp?newsid=03312806638950584, 그간 에너지효율이 좋은 대신 가격이 비싼 전기차용 3원계(NCM) 배터리를 만들어온 LG에너지솔루션이 값이 싼 리튬인산철(LFP) 배터리 수주에 처음으로 성공하며 중국 업체들이 장악했던 LFP 배터리 시장에 첫발을 내디뎠다. 그동안 중국의 저가형 배터리에 밀려 고전을 면치 못했던 국내 배터리 업체가... ,
LG 에너지솔루션,"현대차그룹, 인니에 ‘전기차 생태계’ 구축",https://www.khan.co.kr/economy/auto/article/202407032024005," 이번 HLI그린파워 공장은 현대차그룹과 LG에너지솔루션이 공동 투자한 배터리 생산기지로 2021년 9월 착공했다. 총 32만㎡ 부지에 전극공정, 조립공정, 활성화공정 등을 갖추고, 전기차 15만대 규모인 연산 10GWh(기가와트시)의 배터리 셀을 생산할 수 있다. HLI그린파워에서 만든 배터리 셀은 고함량 니켈(N)과... ",
LG 에너지솔루션,김동명 LG엔솔 사장 “1등 자만심 버리고 혁신 DNA 되살려야”,https://www.etnews.com/20240704000058, 김동명 LG에너지솔루션 사장이 “자만심을 버리고 겸손한 자세로 도전과 혁신의 DNA를 되살리자”고 강조했다. 김 사장은 하반기를 맞아 4일 구성원들에게 전달한 메시지에서 “과거의 영광에 사로잡히지 말고 사업과 제품 포트폴리오를 전면 개편해 나가자”며 이같이 전했다. 현재 배터리 산업을 둘러싼... ,
LG 에너지솔루션,"현대차그룹, 인니에 전기차 생태계 구축… 정의선 “새 길 개척”",https://www.seoul.co.kr/news/economy/car/2024/07/04/20240704018002?wlog_tag3=naver, 현대차그룹은 3일(현지시간) 인도네시아 카라왕 신산업단지(KNIC)에 위치한 LG에너지솔루션과의 합작 공장 HLI그린파워에서 인도네시아 정부와 ‘인도네시아 전기차(EV) 생태계 완성 기념식’을 열고 공장 준공 및 전기차 디 올 뉴 코나 일렉트릭 양산을 알렸다고 이날 밝혔다. 행사에는 조코 위도도 인도네시아... ,
LG 에너지솔루션,AI 주춤하자 살아난 2차전지·밸류업…ETF 수익률도 ‘껑충’[펀드와치...,http://www.edaily.co.kr/news/newspath.asp?newsid=01144726638952224," LG에너지솔루션(373220)(18.27%)과 삼성SDI(006400)(17.59%), 에코프로비엠(247540)(15.01%)을 주요 포트폴리오로 구성하고 있고, 관련 종목 주가 움직임의 2배를 추종한다. 수익률 2위 역시 2차전지 레버리지 ETF인 ‘KODEX 2차전지산업 레버리지’로 나타났다. [이데일리 김일환 기자] 약세를 보여온 2차전지... ",
LG 에너지솔루션,"印尼에 현대차 전기車 거점…정의선 ""협력의 결실""",https://www.hankyung.com/article/2024070301011," 현대자동차그룹이 LG에너지솔루션과 함께 세운 HLI그린파워가 이날 준공식을 열었다. 현대차가 직접 투자한 첫 배터리셀 공장이다. 현대차그룹은 인도네시아에서 최초로 니켈 등 원자재부터 배터리셀, 완성차(코나 일렉트릭)에 이르는 전기차 일관 생산 시스템을 갖췄다. 현대차그룹은 인도네시아가 세계... ",
LG 에너지솔루션,"""반토막은 양반"" 개미 울리더니…테슬라 탄 이차전지 '꿈틀'",http://news.mt.co.kr/mtview.php?no=2024070415143374194," 이날 국내 이차전지 대장주 LG에너지솔루션도 전 거래일보다 1000원(0.28%) 상승한 35만9000원을 기록했다. 삼성SDI(2.18%), 엔켐(0.21%), 솔브레인(5.35%), 에코프로머티(0.6%), 코스모신소재(0.54%)도 나란히 상승 마감했다. 테슬라가 시장 기대치를 뛰어넘는 2분기 차량 인도 실적을 발표하며 급등한 영향이다. 최근... ",
LG 에너지솔루션,"정의선 ""새로운 길 개척""… 니켈 왕국 印尼에 전기차 생태계",https://www.mk.co.kr/article/11057960, 배터리셀 HLI그린파워 준공 고성능 리튬이온 배터리 생산 코나 일렉트릭에 장착하기로 일괄생산 체제로 경쟁력 올려 전동화 나선 인니 정부와 협력 현대자동차그룹이 LG에너지솔루션과 인도네시아에 배터리셀 합작공장 'HLI그린파워'를 준공했다. 현대차그룹은 배터리셀부터 완성차로 이어지는 일괄생산... ,
LG 에너지솔루션,전기차 둔화·중국 공세에…이차전지 3사 수장 입모아 위기,https://www.hani.co.kr/arti/economy/marketing/1147789.html," “자만심 버려라” “물러날 곳이 없다” “새로운 위기.” 엘지(LG)에너지솔루션(엘지엔솔)·에스케이(SK)온·삼성(SDI)에스디아이 등 국내 이차전지 업체 최고경영자(CEO)들이 직원들을 향해 잇달아 경고의 메시지를 내놨다. 전기차 수요 둔화와 중국 업체들의 가격 인하 공세가 심해지자, 내부에 긴장감을... ",
LG 에너지솔루션,"[단독] 고급 배터리 공략해온 韓, 저가시장 진출…中 아성 뚫는다",https://www.mk.co.kr/article/11057048, LG엔솔 유럽서 대규모 수주 中 독식 LFP배터리 첫 진출 포트폴리오 다변화 포석 국내기업들 진출 잇따를 듯 유럽시장 급성장에 맞춰 LFP 에너지저장장치 공급 '전기차 캐즘' 돌파구 마련 ◆ K배터리 반격 ◆ LG에너지솔루션이 유럽 지역에서 리튬인산철(LFP) 배터리를 앞세워 전기차 배터리와... ,
LG 에너지솔루션,"""인니 전기차산업 활성화, 동남아에 기회""",https://www.dt.co.kr/contents.html?article_no=2024070302109932091008&ref=naver," 현대차그룹은 인도네시아에서 LG에너지솔루션과 합작한 배터리셀 공장인 'HLI그린파워'를 준공했다. 이곳에서 생산되는 배터리셀은 고함량 니켈(N)과 코발트(C), 망간(M)에 출력을 높여주고, 화학적 불안정성을 낮춰줄 수 있는 알루미늄(A)을 추가한 고성능 NCMA 리튬이온 배터리셀이다. 현대차 인도네시아 공장에서... ",
LG 에너지솔루션,현대차 ‘코나 전기차’ 인도네시아서도 생산,https://www.joongang.co.kr/article/25261037, 현대차그룹은 3일 LG에너지솔루션과 합작한 배터리셀 공장 HLI그린파워(Hyundai LG Indonesia Green Power) 준공식을 열었다고 밝혔다. HLI그린파워는 매년 전기차 15만대 이상에 탑재할 배터리를 생산할 수 있다. 현대차 인도네시아 공장은 HLI그린파워에서 생산한 배터리를 장착한 ‘디 올 뉴 코나 일렉트릭’ 양산을... ,
LG 에너지솔루션,"""중국 뚫고 캐즘 넘는다""…K-배터리, '중저가 시장' 도전장",http://news.mt.co.kr/mtview.php?no=2024070214531611347," LG에너지솔루션이 르노와 수 조원 대의 전기차용 LFP(리튬·인산·철) 배터리 공급 계약을 체결한 것은, 중국의 '중저가 헤게모니'에 K-배터리가 본격적으로 도전장을 냈다는 신호로 받아들여진다. 배터리 업계 관계자는 ""LFP 시장은 중국 배터리 기업들의 텃밭이라고 해도 과언이 아닐 정도였다""며... ",
LG 에너지솔루션,"충전 끝난 테슬라, 주가 질주 시동… 이차전지도 웃었다",https://www.seoul.co.kr/news/economy/securities/2024/07/04/20240704014009?wlog_tag3=naver," 연초 대비 지난 6월 말까지 포스코홀딩스와 LG에너지솔루션은 각각 27.33%, 23.63% 내렸고, 에코프로비엠은 36.46%, 에코프로는 30.36% 하락했다. 하지만 이차전지 종목들에 저가 매수세가 유입되면서 반등하고 있다. 이날 오후 3시 기준 포스코홀딩스는 1.5%, LG에너지솔루션은 4.80%, 에코프로는 7.00% 올랐다.... ",
LG 에너지솔루션,"""새로운 길 개척""…현대차그룹, 인니서 배터리·전기차 생산 생태계 완...",http://www.edaily.co.kr/news/newspath.asp?newsid=03260326638950912," (사진=현대차) 행사에는 조코 위도도 인도네시아 대통령, 정인교 통상교섭본부장, 이상덕 주인도네시아 대사 등 양국 정부 주요 인사와 정의선 현대차그룹 회장, 장재훈 현대차 사장, 김동명 LG에너지솔루션 사장 등이 참석했다. 조코위 대통령은 “우리는 오늘 글로벌 전기차 배터리 및 전기차 생태계에서... ",
LG 에너지솔루션,인도네시아서 첫 배터리·전기차 일괄생산…정의선 “품질이 최고 전략...,https://www.sedaily.com/NewsView/2DBLIMB7QG," 우리 측에서는 정의선 현대차그룹 회장과 장재훈 현대차 사장, 김동명 LG에너지솔루션 사장, 정인교 통상교섭본부장이, 인도네시아에서는 조코 위도도 대통령 등 총 300여 명이 참석했다. 정 회장은 인사말에서 “배터리셀 공장 완공과 코나 일렉트릭 양산은 현대차그룹과 인도네시아가 함께 이룬 협력의... ",
LG 에너지솔루션,“위기를 기회로”… 바닥 찍은 이차전지 하반기 도약 노린다,http://www.segye.com/newsView/20240704515110?OutUrl=naver," 김동명 LG에너지솔루션 최고경영자(CEO) 사장(왼쪽부터), 최윤호 삼성SDI 사장, 이석희 CEO. 김동명 LG에너지솔루션 최고경영자(CEO) 사장은 4일 구성원에게 보낸 CEO 메시지에서 “‘질적 성장을 통한 기업가치 1등’이라는 목표 달성을 위해서는 미래를 대비할 근성과 체력을 길러야 할 뿐 아니라 자만심을... ",
